recovery_id,tag_type,tag_code,tag_status,sequential_number,Observer,Vessel_name,Vessel_type,Cruise_no,Vessel_or_Plant_code,Haul_or_Delivery_no,species_name_by_observer,Missing_Fins,sample:in_or_out?,recovery_date,run_year,Lat,latmin,Hem,Long,Longmin,Bear,Area,Source_of_capture_information,sex,gonad_maturity,length,weight,Other_comments,Scalesample,Date_entered,Plant_recovery,detection_method,sampling_site,Date_snout_sent_to_ABL,Detected_with_wand,sampling_agency,fishery,gear_name,Report_code,New_data,length_code,length_type,weight_code,weight_type,recorded_mark,location_type,hssector,sequential_column_number,sequential_row_number,delivery_date,plant_name,specimen_number,ADFG_stat_area,Initials_CWT_reader
2013170001,,635274,1,,KAH,Anthem,Rockfish,,32761,,Chinook,none,IN,20130613,2013,,,,,,,630,,F,,580,2.6,,,20130703,N,E,hsrf,20130604,Y,,81,trawl,REP13,N,,,,,,,,,,,,1,495000,
2013170002,,090539,1,,KAH,Anthem,Rockfish,,32761,,Chinook,Ad,IN,20130509,2013,,,,,,,630,,F,,590,2.6,,,20130703,N,E,hsrf,20130604,Y,,81,trawl,REP13,N,,,,,,,,,,,,2,495500,
2013170003,,186320,1,,KAH,Dawn,Rockfish,,5,,Chinook,Ad,IN,20130509,2013,,,,,,,630,,F,,600,2.6,,,20130703,N,E,hsrf,20130604,Y,,81,trawl,REP13,N,,,,,,,,,,,,2,485831,
2013170004,,090443,1,,KH,Dusk,Rockfish,,4,,Chinook,none,IN,20130504,2013,57,48,N,150,12,W,,,M,,550,2,Lat/Long  57 48N/150 12W,,20130703,N,E,hsrf,20130604,Y,,81,trawl,REP13,N,,,,,,,,,,,,5,505730,
2013170005,,210961,1,,KH,Dawn,Rockfish,,5,,Chinook,none,IN,20130509,2013,,,,,,,630,,M,,540,2,,,20130703,N,E,hsrf,20130604,Y,,81,trawl,REP13,N,,,,,,,,,,,,8,485831,
2013170006,,635578,1,,KH,Dusk,Rockfish,,4,,Chinook,Ad,IN,20130504,2013,57,48,N,150,12,W,,,F,,620,2.4,57 48N  150 12W,,20130703,N,E,hsrf,20130604,Y,,81,trawl,REP13,N,,,,,,,,,,,,9,505730,
2013170007,,186320,1,,KH,Dawn,Rockfish,,5,,Chinook,Ad,IN,20130511,2013,,,,,,,630,,F,,650,3.5,,,20130703,N,E,hsrf,20130604,Y,,81,trawl,REP13,N,,,,,,,,,,,,9,485831,
2013170008,,,2,,KAH,Elizabeth F,Rockfish,,823,,Chinook,None,IN,20130507,2013,,,,,,,630,,M,,550,1.8,,,20130703,N,E,hsrf,20130604,Y,,81,trawl,REP13,N,,,,,,,,,,,,16,505730,
2013170009,,,2,,KAH,Elizabeth F,Rockfish,,823,,Chinook,Ad,IN,20130507,2013,,,,,,,630,,M,,510,1.6,,,20130703,N,E,hsrf,20130604,Y,,81,trawl,REP13,N,,,,,,,,,,,,16,505730,
2013170010,,093939,1,,KAH,Mar Pacifico,Rockfish,,1674,,Chinook,Ad,IN,20130507,2013,57,07,N,151,20,W,,,M,,540,2,,,20130703,N,E,hsrf,20130604,Y,,81,trawl,REP13,N,,,,,,,,,,,,16,505700,
2013170011,,181484,1,,KH,Dusk,Rockfish,,4,,Chinook,Ad,IN,20130504,2013,57,48,N,150,12,W,,,M,,530,1.4,57 48W  150 12N,,20130703,N,E,hsrf,20130604,Y,,81,trawl,REP13,N,,,,,,,,,,,,18,505730,
2013170012,,090435,1,,KH,Mar Del Norte,Rockfish,,435,,Chinook,Ad,IN,20130508,2013,,,,,,,630,,F,,450,1.3,,,20130703,N,E,hsrf,20130604,Y,,81,trawl,REP13,N,,,,,,,,,,,,18,505700,
2013170013,,186320,1,,KAH,AK Beauty,Rockfish,,2046,,Chinook,Ad,IN,20130514,2013,,,,,,,630,,F,,540,,ADFG area %  8/44/48,,20130703,N,E,hsrf,20130604,Y,,81,trawl,REP13,N,,,,,,,,,,,,19,"515700
505730
495730",
2013170014,,635965,1,,KH,Mar Del Norte,Rockfish,,435,,Chinook,Ad,IN,20130518,2013,,,,,,,630,,F,,470,1.4,,,20130703,N,E,hsrf,20130604,Y,,81,trawl,REP13,N,,,,,,,,,,,,19,505700,
2013170015,,090448,1,,KAH,Mar pacifico,Rockfish,,1674,,Chinook,Ad,IN,20130507,2013,57,07,N,151,20,W,,,M,,500,1.5,,,20130703,N,E,hsrf,20130604,Y,,81,trawl,REP13,N,,,,,,,,,,,,19,505700,
2013170016,,092049,1,,KH,Mar Del Norte,Rockfish,,435,,Chinook,Ad,IN,20130508,2013,,,,,,,630,,M,,470,1.4,binary code,,20130703,N,E,hsrf,20130604,Y,,81,trawl,REP13,N,,,,,,,,,,,,20,505700,
2013170017,,055305,1,,KMA,Laura,Rockfish,,1571,,Chinook,Ad,IN,20130516,2013,58,35,N,148,38,W,,,F,,470,1.5,,,20130703,N,E,hsrf,20130604,Y,,81,trawl,REP13,N,,,,,,,,,,,,27,485831,
2013170018,,210962,1,,KAH,Laura,Rockfish,,1571,,Chinook,Ad,IN,20130516,2013,58,35,N,148,38,W,,,M,,500,1.7,,,20130703,N,E,hsrf,20130604,Y,,81,trawl,REP13,N,,,,,,,,,,,,28,485831,
2013170019,,635578,1,,KM,Laura,Rockfish,,1571,,Chinook,Ad,IN,20130516,2013,58,35,N,148,38,W,,,F,,600,2.6,,,20130703,N,E,hsrf,20130604,Y,,81,trawl,REP13,N,,,,,,,,,,,,29,485831,
2013170020,,031668,1,,KH,Topaz,Rockfish,,405,,Chinook,Ad,IN,20130512,2013,58,35,N,148,36,W,,,F,,730,5.3,,,20130703,N,E,hsrf,20130604,Y,,81,trawl,REP13,N,,,,,,,,,,,,30,,
2013170021,,090442,1,,KAH,Laura,Rockfish,,1571,,Chinook,Ad,IN,20130516,2013,58,35,N,148,38,W,,,M,,470,1.4,,,20130703,N,E,hsrf,20130604,Y,,81,trawl,REP13,N,,,,,,,,,,,,30,485831,
2013170022,,635268,1,,KH,Topaz,Rockfish,,405,,Chinook,Ad,IN,20130512,2013,58,35,N,148,36,W,,,F,,660,3.9,,,20130703,N,E,hsrf,20130604,Y,,81,trawl,REP13,N,,,,,,,,,,,,31,,
2013170023,,055232,1,,KAH,Laura,Rockfish,,1571,,Chinook,Ad,IN,20130516,2013,58,35,N,148,38,W,,,F,,530,2.1,,,20130703,N,E,hsrf,20130604,Y,,81,trawl,REP13,N,,,,,,,,,,,,31,485831,
2013170024,,090487,1,,KH,Gold Rush,Rockfish,,1868,,Chinook,none,IN,20130505,2013,58,26,N,148,32,W,,,M,,610,2.7,58 26N  148 32W,,20130703,N,E,hsrf,20130604,Y,,81,trawl,REP13,N,,,,,,,,,,,,40,485800,
2013170025,,053577,1,,KH,Gold Rush,Rockfish,,1868,,Chinook,none,IN,20130505,2013,58,26,N,148,32,W,,,M,,730,4.8,58 26N  148 32W,,20130703,N,E,hsrf,20130604,Y,,81,trawl,REP13,N,,,,,,,,,,,,41,485800,
2013170026,,090448,1,,KH,Gold Rush,Rockfish,,1868,,Chinook,none,IN,20130505,2013,58,26,N,148,32,W,,,M,,520,1.7,58 26N  148 32W,,20130703,N,E,hsrf,20130604,Y,,81,trawl,REP13,N,,,,,,,,,,,,42,485800,
2013170027,,,2,,KH,Dusk,Rockfish,,4,,Chinook,none,IN,20130504,2013,,,,,,,630,,M,,600,2.7,57 48N  150 12W,,20130703,N,E,hsrf,20130604,Y,,81,trawl,REP13,N,,,,,,,,,,,,47,505730,
2013170028,,093939,1,,,Topaz,Rockfish,,405,,Chinook,Ad,IN,20130512,2013,58,35,N,148,36,W,,,F,,560,2.5,,,20130703,N,E,hsrf,20130604,Y,,81,trawl,REP13,N,,,,,,,,,,,,48,,
2013170029,,635271,1,,KH,Topaz,Rockfish,,405,,Chinook,Ad,IN,20130512,2013,58,35,N,148,36,W,,,F,,640,3.3,,,20130703,N,E,hsrf,20130604,Y,,81,trawl,REP13,N,,,,,,,,,,,,49,,
2013170030,,210909,1,,KH,Topaz,Rockfish,,405,,Chinook,Ad,IN,20130512,2013,58,35,N,148,36,W,,,F,,620,3.1,,,20130703,N,E,hsrf,20130604,Y,,81,trawl,REP13,N,,,,,,,,,,,,50,,
2013170031,,018119,1,,KH,Topaz,Rockfish,,405,,Chinook,Ad,IN,20130512,2013,58,35,N,148,36,W,,,F,,610,3.3,,,20130703,N,E,hsrf,20130604,Y,,81,trawl,REP13,N,,,,,,,,,,,,51,,
2013170032,,220210,1,,KM,Caravelle,Rockfish,,3402,,Chinook,none,IN,20130511,2013,58,00,N,149,42,W,,,M,,630,1.5,57 02.2N 149 38.2W,,20130703,N,E,hsrf,20130604,Y,,81,trawl,REP13,N,,,,,,,,,,,,56,495700,
2013170033,,090448,1,,KH,Dusk,Rockfish,,4,,Chinook,none,IN,20130504,2013,57,48,N,150,12,W,,,F,,620,1.7,57 48N  150 12W,,20130703,N,E,hsrf,20130604,Y,,81,trawl,REP13,N,,,,,,,,,,,,61,505730,
2013170034,,181483,1,,,Dusk,Rockfish,,4,,Chinook,Ad,IN,20130513,2013,57,48,N,150,12,W,,,M,,520,1.7,57 48N  150 12W,,20130703,N,E,hsrf,20130604,Y,,81,trawl,REP13,N,,,,,,,,,,,,62,505730,
2013170035,,210910,1,,KH,Gold Rush,Rockfish,,1868,,Chinook,Ad,IN,20130505,2013,58,26,N,148,32,W,,,F,,650,3.2,58 26N  148 32W,,20130703,N,E,hsrf,20130604,Y,,81,trawl,REP13,N,,,,,,,,,,,,62,485800,
2013170036,,,3,,KH,Gold Rush,Rockfish,,1868,,Chinook,Ad,IN,20130505,2013,,,,,,,630,,M,,580,2.4,58 26N  148 32W,,20130703,N,E,hsrf,20130604,Y,,81,trawl,REP13,N,,,,,,,,,,,,63,485800,
2013170037,,210960,1,,,Dusk,Rockfish,,4,,Chinook,Ad,IN,20130504,2013,57,48,N,150,12,W,,,M,,630,1.7,57 48N  150 12W,,20130703,N,E,hsrf,20130604,Y,,81,trawl,REP13,N,,,,,,,,,,,,64,505730,
2013170038,,635699,1,,KH,Gold Rush,Rockfish,,1868,,Chinook,Ad,IN,20130505,2013,58,26,N,148,32,W,,,M,,610,3,58 26N  148 32W,,20130703,N,E,hsrf,20130604,Y,,81,trawl,REP13,N,,,,,,,,,,,,64,485800,
2013170039,,210962,1,,KH,Caravelle,Rockfish,,3402,,Chinook,Ad,IN,20130513,2013,58,00,N,149,42,W,,,F,,510,1.8,58 00N  149 42W,,20130703,N,E,hsrf,20130604,Y,,81,trawl,REP13,N,,,,,,,,,,,,76,485700,
2013170040,,210960,1,,KH,Caravelle,Rockfish,,3402,,Chinook,Ad,IN,20130513,2013,58,00,N,149,42,W,,,F,,570,2.1,58 00N  149 42W,,20130703,N,E,hsrf,20130604,Y,,81,trawl,REP13,N,,,,,,,,,,,,77,485700,
2013170041,,090342,1,,KM,Michelle Rena,Rockfish,,4131,,Chinook,Ad,IN,20130514,2013,57,47,N,150,01,W,,,F,,640,3.5,,,20130703,N,E,hsrf,20130604,Y,,81,trawl,REP13,N,,,,,,,,,,,,77,"485831
495730",
2013170042,,635088,1,,KH,Caravelle,Rockfish,,3402,,Chinook,Ad,IN,20130513,2013,58,00,N,149,42,W,,,F,,590,2.5,58 00W  149 42N,,20130703,N,E,hsrf,20130604,Y,,81,trawl,REP13,N,,,,,,,,,,,,78,485700,
2013170043,,090281,1,,KM,Michelle Rena,Rockfish,,4131,,Chinook,Ad,IN,20130514,2013,57,47,N,150,01,W,,,F,,500,1.9,,,20130703,N,E,hsrf,20130604,Y,,81,trawl,REP13,N,,,,,,,,,,,,78,"485831
495730",
2013170044,,635293,1,,KH,Caravelle,Rockfish,,3402,,Chinook,none,IN,20130513,2013,58,00,N,149,42,W,,,F,,600,2.9,58 00N  149 42W,,20130703,N,E,hsrf,20130604,Y,,81,trawl,REP13,N,,,,,,,,,,,,79,485700,
2013170045,,210911,1,,KAH,Michelle Rena,Rockfish,,4131,,Chinook,none,IN,20130514,2013,57,47,N,150,01,W,,,M,,600,2.9,,,20130703,N,E,hsrf,20130604,Y,,81,trawl,REP13,N,,,,,,,,,,,,79,"485831
495730",
2013170046,,090343,1,,,Michelle Rena,Rockfish,,4131,,Chinook,none,IN,20130514,2013,57,47,N,150,01,W,,,F,,640,3.6,,,20130703,N,E,hsrf,20130604,Y,,81,trawl,REP13,N,,,,,,,,,,,,80,"485831
495730",
2013170047,,210909,1,,,Michelle Rena,Rockfish,,4131,,Chinook,Ad,IN,20130514,2013,57,47,N,150,01,W,,,F,,640,3.7,,,20130703,N,E,hsrf,20130604,Y,,81,trawl,REP13,N,,,,,,,,,,,,81,"485831
495730",
2013170048,,181483,1,,KH,Laura,Rockfish,,1571,,Chinook,Ad,IN,20130511,2013,58,35,N,148,38,W,,,F,,610,2.8,58 35N  148 38W,,20130703,N,E,hsrf,20130604,Y,,81,trawl,REP13,N,,,,,,,,,,,,85,485830,
2013170049,,210909,1,,KH,Laura,Rockfish,,1571,,Chinook,Ad,IN,20130511,2013,58,35,N,148,38,W,,,F,,630,3.3,58 35N  148 38W,,20130703,N,E,hsrf,20130604,Y,,81,trawl,REP13,N,,,,,,,,,,,,86,485830,
2013170050,,210961,1,,,Laura,Rockfish,,1571,,Chinook,none,IN,20130511,2013,58,35,N,148,38,W,,,M,,560,2.4,58 35N  148 38W,,20130703,N,E,hsrf,20130604,Y,,81,trawl,REP13,N,,,,,,,,,,,,87,485830,
2013170051,,210910,1,,KH,Laura,Rockfish,,1571,,Chinook,Ad,IN,20130511,2013,58,35,N,148,38,W,,,F,,660,3.8,48 35N  148 38W,,20130703,N,E,hsrf,20130604,Y,,81,trawl,REP13,N,,,,,,,,,,,,88,485830,
2013170052,,635972,1,,KH,Dusk,Rockfish,,4,,Chinook,none,IN,20130504,2013,57,48,N,150,12,W,,,F,,580,2.2,57 48N  150 12W,,20130703,N,E,hsrf,20130604,Y,,81,trawl,REP13,N,,,,,,,,,,,,89,505730,
2013170053,,042675,1,,KH,Laura,Rockfish,,1571,,Chinook,Ad,IN,20130511,2013,58,35,N,148,38,W,,,F,,610,3,58 35N  148 38W,,20130703,N,E,hsrf,20130604,Y,,81,trawl,REP13,N,,,,,,,,,,,,89,485830,
2013170054,,635289,1,,KH,Laura,Rockfish,,1571,,Chinook,Ad,IN,20130511,2013,58,35,N,148,38,W,,,M,,690,4.9,58 35N  148 38W,,20130703,N,E,hsrf,20130604,Y,,81,trawl,REP13,N,,,,,,,,,,,,90,485830,
2013170055,,042481,1,,KH,Dusk,Rockfish,,4,,Chinook,Ad,IN,20130504,2013,57,48,N,150,12,W,,,M,,600,3,57 48N  150 12W,,20130703,N,E,hsrf,20130604,Y,,81,trawl,REP13,N,,,,,,,,,,,,96,505730,
2013170056,,090443,1,,KH,Mar Del Norte,Rockfish,,435,,Chinook,Ad,IN,20130512,2013,,,,,,,630,,F,,500,2,,,20130703,N,E,hsrf,20130604,Y,,81,trawl,REP13,N,,,,,,,,,,,,98,,
2013170057,,181476,1,,KH,Mar Del Norte,Rockfish,,435,,Chinook,Ad,IN,20130512,2013,,,,,,,630,,M,,550,2.5,,,20130703,N,E,hsrf,20130604,Y,,81,trawl,REP13,N,,,,,,,,,,,,99,,
2013170058,,,2,,KH,Mar Del Norte,Rockfish,,435,,Chinook,none,IN,20130512,2013,,,,,,,630,,M,,570,2.9,,,,N,E,hsrf,20130604,Y,,81,trawl,REP13,N,,,,,,,,,,,,100,,
2013170059,,090343,1,,KH,Mar Del Norte,Rockfish,,435,,Chinook,Ad,IN,20130512,2013,,,,,,,630,,F,,600,3,,,20130703,N,E,hsrf,20130604,Y,,81,trawl,REP13,N,,,,,,,,,,,,101,,
2013170060,,181475,1,,KH,Mar Del Norte,Rockfish,,435,,Chinook,Ad,IN,20130512,2013,,,,,,,630,,M,,510,2,,,20130703,N,E,hsrf,20130604,Y,,81,trawl,REP13,N,,,,,,,,,,,,102,,
2013170061,,210910,1,,KH,Mar Del Norte,Rockfish,,435,,Chinook,Ad,IN,20130512,2013,,,,,,,630,,M,,640,4.5,,,20130703,N,E,hsrf,20130604,Y,,81,trawl,REP13,N,,,,,,,,,,,,103,,
2013170062,,210961,1,,KH,Mar Pacifico,Rockfish,,1674,,Chinook,none,IN,20130509,2013,57,07,N,151,20,W,,,F,,510,1.9,57 07.5N  151 20W,,20130703,N,E,hsrf,20130604,Y,,81,trawl,REP13,N,,,,,,,,,,,,105,515700,
2013170063,,635978,1,,KH,Mar Pacifico,Rockfish,,1674,,Chinook,Ad,IN,20130509,2013,57,07,N,151,20,W,,,F,,490,1.5,57 07.2N  151 20W,,20130703,N,E,hsrf,20130604,Y,,81,trawl,REP13,N,,,,,,,,,,,,106,515700,
2013170064,,210961,1,,KH,Topaz,Rockfish,,405,,Chinook,none,IN,20130512,2013,58,35,N,148,36,W,,,M,,590,2.9,,,20130703,N,E,hsrf,20130604,Y,,81,trawl,REP13,N,,,,,,,,,,,,107,,
2013170065,,090488,1,,KH,Mar Pacifico,Rockfish,,1674,,Chinook,Ad,IN,20130509,2013,57,07,N,151,20,W,,,M,,590,3.1,57 07.5N  151 20W,,20130703,N,E,hsrf,20130604,Y,,81,trawl,REP13,N,,,,,,,,,,,,107,515700,
2013170066,,635579,1,,KH,Topaz,Rockfish,,405,,Chinook,Ad,IN,20130512,2013,58,35,N,148,36,W,,,F,,620,3.1,,,20130703,N,E,hsrf,20130604,Y,,81,trawl,REP13,N,,,,,,,,,,,,108,,
2013170067,,635295,1,,KM,Mar Pacifico,Rockfish,,1674,,Chinook,none,IN,20130509,2013,57,07,N,151,20,W,,,M,,660,4.8,57 07.5N  151 20W,,20130703,N,E,hsrf,20130604,Y,,81,trawl,REP13,N,,,,,,,,,,,,109,515700,
2013170068,,210961,1,,KH,Dusk,Rockfish,,4,,Chinook,none,IN,20130504,2013,57,48,N,150,12,W,,,M,,580,2.5,57 48N  150 12W,,20130703,N,E,hsrf,20130604,Y,,81,trawl,REP13,N,,,,,,,,,,,,116,505730,
2013170069,,635485,1,,KH,Dusk,Rockfish,,4,,Chinook,Ad,IN,20130504,2013,57,48,N,150,12,W,,,M,,640,3.3,57 48N  150 12W  (other missing fin LV),,20130703,N,E,hsrf,20130604,Y,,81,trawl,REP13,N,,,,,,,,,,,,124,505730,
2013170070,,210909,1,,,Cape Kiwanda,Rockfish,,1571,,Chinook,Ad,IN,20130515,2013,,,,,,,630,,F,,600,2.7,,,20130703,N,E,hsrf,20130604,Y,,81,trawl,REP13,N,,,,,,,,,,,,134,"495730
505730",
2013170071,,090448,1,,,Cape Kiwanda,Rockfish,,1571,,Chinook,Ad,IN,20130515,2013,,,,,,,630,,F,,530,2.1,,,20130703,N,E,hsrf,20130604,Y,,81,trawl,REP13,N,,,,,,,,,,,,135,"495730
505730",
2013170072,,210910,1,,KH,Cape Kiwanda,Rockfish,,1571,,Chinook,Ad,IN,20130517,2013,,,,,,,630,,F,,650,3.4,,,20130703,N,E,hsrf,20130604,Y,,81,trawl,REP13,N,,,,,,,,,,,,136,"495730
505730",
2013170073,,090448,1,,,Cape Kiwanda,Rockfish,,1571,,Chinook,Ad,IN,20130517,2013,,,,,,,630,,F,,570,2.3,,,20130703,N,E,hsrf,20130604,Y,,81,trawl,REP13,N,,,,,,,,,,,,137,"495730
505730",
2013170074,,090390,1,,,Cape Kiwanda,Rockfish,,1571,,Chinook,Ad,IN,20130515,2013,,,,,,,630,,F,,590,2.9,,,20130703,N,E,hsrf,20130604,Y,,81,trawl,REP13,N,,,,,,,,,,,,138,"495730
505730",
2013170075,,220210,1,,KH,Dusk,Rockfish,,4,,Chinook,none,IN,20130405,2013,57,48,N,150,12,W,,,M,,540,2,57 48N  150 12W,,20130703,N,E,hsrf,20130604,Y,,81,trawl,REP13,N,,,,,,,,,,,,139,505730,
2013170076,,210962,1,,,Cape Kiwanda,Rockfish,,1571,,Chinook,Ad,IN,20130515,2013,,,,,,,630,,F,,460,1.4,M,,20130703,N,E,hsrf,20130604,Y,,81,trawl,REP13,N,,,,,,,,,,,,139,"495730
505730",
2013170077,,635088,1,,,Dusk,Rockfish,,4,,Chinook,Ad,IN,20130504,2013,,,,,,,630,,F,,570,2.3,57 48N  150 12W,,20130703,N,E,hsrf,20130604,Y,,81,trawl,REP13,N,,,,,,,,,,,,142,505730,
2013170078,,635295,1,,KH,Dusk,Rockfish,,4,,Chinook,Ad,IN,20130504,2013,57,48,N,150,12,W,,,M,,600,3.8,57 48N  150 12W,,20130703,N,E,hsrf,20130604,Y,,81,trawl,REP13,N,,,,,,,,,,,,145,505730,
2013170079,,090385,1,,KH,Topaz,Rockfish,,405,,Chinook,Ad,IN,20130512,2013,58,35,N,148,36,W,,,F,,630,3.4,,,20130703,N,E,hsrf,20130604,Y,,81,trawl,REP13,N,,,,,,,,,,,,164,,
2013170080,,090343,1,,KH,Topaz,Rockfish,,405,,Chinook,Ad,IN,20130512,2013,58,35,N,148,36,W,,,F,,620,2.9,,,20130703,N,E,hsrf,20130604,Y,,81,trawl,REP13,N,,,,,,,,,,,,165,,
2013170081,,220207,1,,KH,Topaz,Rockfish,,405,,Chinook,none,IN,20130512,2013,58,35,N,148,36,W,,,M,,540,2,,,20130703,N,E,hsrf,20130604,Y,,81,trawl,REP13,N,,,,,,,,,,,,166,,
2013170082,,220121,1,,KH,Topaz,Rockfish,,405,,Chinook,Ad,IN,20130512,2013,58,35,N,148,36,W,,,F,,510,1.6,,,20130703,N,E,hsrf,20130604,Y,,81,trawl,REP13,N,,,,,,,,,,,,167,,
2013170083,,090434,1,,KH,Topaz,Rockfish,,405,,Chinook,Ad,IN,20130512,2013,58,35,N,148,36,W,,,M,,660,4,,,20130703,N,E,hsrf,20130604,Y,,81,trawl,REP13,N,,,,,,,,,,,,168,,
2013170084,,210960,1,,KH,Cape Kiwanda,Rockfish,,1235,,Chinook,Ad,IN,20130602,2013,,,,,,,630,,M,,570,2.7,,,20131217,N,E,hsrf,20130604,Y,,81,trawl,REP13,N,,,,,,,,,,,,1,505730,
2013170085,,610438,1,,KH,Cape Kiwanda,Rockfish,,1235,,Chinook,Ad,IN,20130602,2013,,,,,,,630,,M,,570,2.5,,,20131217,N,E,hsrf,20130604,Y,,81,trawl,REP13,N,,,,,,,,,,,,2,505730,
2013170086,,210909,1,,KH,Laura,Rockfish,,1571,,Chinook,Ad,IN,20130511,2013,58,35,N,148,38,W,,,M,,640,3.6,,,20131217,N,E,hsrf,20130604,Y,,81,trawl,REP13,N,,,,,,,,,,,,2,515700,
2013170087,,092049,1,,KM,Michelle Renee,Rockfish,,4131,,Chinook,Ad,IN,20131111,2013,57,47,N,150,01,W,,,F,,530,2.1,binary tag,,20131217,N,E,hsrf,20130604,Y,,81,trawl,REP13,N,,,,,,,,,,,,5,515700,
2013170088,,635775,1,,KH,Hickory Wind,Rockfish,,993,,Chinook,Ad,IN,20130604,2013,,,,,,,630,,M,,580,2.6,,,20131217,N,E,hsrf,20130604,Y,,81,trawl,REP13,N,,,,,,,,,,,,1,,
2013170089,,090343,1,,KH,Cape Kiwanda,Rockfish,,1235,,Chinook,Ad,IN,20130605,2013,,,,,,,630,,F,,630,3.5,,,20131217,N,E,hsrf,20130604,Y,,81,trawl,REP13,N,,,,,,,,,,,,1,505700,
2013170090,,054596,1,,KH,Laura,Rockfish,,1571,,Chinook,Ad,IN,20130605,2013,58,35,N,148,38,W,,,M,,690,4.6,,,20131217,N,E,hsrf,20130604,Y,,81,trawl,REP13,N,,,,,,,,,,,,1,505700,
2013170091,,210961,1,,KH,Laura,Rockfish,,1571,,Chinook,Ad,IN,20130610,2013,58,35,N,148,38,W,,,M,,490,1.6,,,20131217,N,E,hsrf,20130604,Y,,81,trawl,REP13,N,,,,,,,,,,,,1,515700,
2013170092,,210962,1,,KH,Michelle Renee,Rockfish,,4131,,Chinook,Ad,IN,20130611,2013,57,47,N,150,01,W,,,F,,530,1.9,,,20131217,N,E,hsrf,20130604,Y,,81,trawl,REP13,N,,,,,,,,,,,,1,515700,
2013170093,,635368,1,,KH,Pacific Star,Rockfish,,2781,,Chinook,Ad,IN,20130708,2013,,,,,,,620,,M,,710,4.5,,,20131217,N,E,hsrf,20130604,Y,,81,trawl,REP13,N,,,,,,,,,,,,1,545602,
2013170094,,042483,1,,KH,Pacific Star,Rockfish,,2781,,Chinook,Ad,IN,20130713,2013,,,,,,,630,,F,,630,4.1,,,20131217,N,E,hsrf,20130604,Y,,81,trawl,REP13,N,,,,,,,,,,,,1,"495800
505832",
2013170095,,210909,1,,KH,Marcy J,Rockfish,,2142,,Chinook,Ad,IN,20130726,2013,,,,,,,630,,M,,660,4.2,,,20131217,N,E,hsrf,20130604,Y,,81,trawl,REP13,N,,,,,,,,,,,,1,505730,
2013170096,,210960,1,,KH,Ceilie Lee,Rockfish,,1234,,Chinook,Ad,IN,20130919,2013,,,,,,,630,,M,,650,4.2,,,20131217,N,E,hsrf,20130604,Y,,81,trawl,REP13,N,,,,,,,,,,,,32,,
2013170097,,,2,,KH,Hickory Wind,Rockfish,,993,,Chinook,Ad,IN,20130920,2013,,,,,,,630,,F,,720,5.2,,,20131217,N,E,hsrf,20130604,Y,,81,trawl,REP13,N,,,,,,,,,,,,1,505730,
2013170098,,100152,1,,KH,Collier Bros,Rockfish,,2791,,Chinook,None,IN,20130925,2013,,,,,,,630,,M,,600,3.4,,,20131217,N,E,hsrf,20130604,Y,,81,trawl,REP13,N,,,,,,,,,,,,12,505730,
2013170099,,090343,1,,KH,Progress,Rockfish,,512,,Chinook,Ad,IN,20130927,2013,,,,,,,630,,F,,720,5,,,20131217,N,E,hsrf,20130604,Y,,81,trawl,REP13,N,,,,,,,,,,,,12,,
2013170100,,210910,1,,KH,Cape Kiwanda,Rockfish,,1235,,Chinook,Ad,IN,20130928,2013,,,,,,,630,,M,,730,6.1,,,20131217,N,E,hsrf,20130604,Y,,81,trawl,REP13,N,,,,,,,,,,,,8,,
2013170101,,635687,1,,KH,Cape Kiwanda,Rockfish,,1235,,Chinook,none,IN,20130928,2013,,,,,,,630,,F,,630,3.6,,,20131217,N,E,hsrf,20130604,Y,,81,trawl,REP13,N,,,,,,,,,,,,18,495730,
2013170102,,210910,1,,KH,Peggy Jo,Rockfish,,979,,Chinook,Ad,IN,20131018,2013,,,,,,,630,,F,,680,4.4,,,20131217,N,E,hsrf,20130604,Y,,81,trawl,REP13,N,,,,,,,,,,,,1,515700,
2013170103,,090494,1,,KH,Excab II,Rockfish,,410,,Chinook,Ad,IN,20131021,2013,,,,,,,630,,F,,570,2.4,,,20131217,N,E,hsrf,20130604,Y,,81,trawl,REP13,N,,,,,,,,,,,,17,"495800
505800",
2013170104,,210959,1,,KH,Peggy Jo,Rockfish,,979,,Chinook,Ad,IN,20131102,2013,,,,,,,630,,M,,650,4.3,,,20131217,N,E,hsrf,20130604,Y,,81,trawl,REP13,N,,,,,,,,,,,,1,,
2013170105,,210961,1,,KM,Peggy Jo,Rockfish,,979,,Chinook,None,IN,20131110,2013,,,,,,,630,,M,,650,4,70/30 stat area split,,20131217,N,E,hsrf,20130604,Y,,81,trawl,REP13,N,,,,,,,,,,,,35,"495800
505700",
2013170106,,210960,1,,,Michelle Renee,Rockfish,,4131,,Chinook,Ad,IN,20131111,2013,57,47,N,150,01,W,,,M,,690,5,,,20131217,N,E,hsrf,20130604,Y,,81,trawl,REP13,N,,,,,,,,,,,,147,"485831
495730
505730",
2013170107,,210961,1,,,Michelle Renee,Rockfish,,4131,,Chinook,None,IN,20131111,2013,57,47,N,150,01,W,,,F,,640,4.1,,,20131217,N,E,hsrf,20130604,Y,,81,trawl,REP13,N,,,,,,,,,,,,143,"485831
495730
505730",
2013170108,,210962,1,,,Michelle Renee,Rockfish,,4131,,Chinook,Ad,IN,20131111,2013,57,47,N,150,01,W,,,F,,640,4,,,20131217,N,E,hsrf,20130604,Y,,81,trawl,REP13,N,,,,,,,,,,,,141,"485831
495730
505730",
2013170109,,635364,1,,,Michelle Renee,Rockfish,,4131,,Chinook,Ad,IN,20131111,2013,57,47,N,150,01,W,,,F,,720,5.2,,,20131217,N,E,hsrf,20130604,Y,,81,trawl,REP13,N,,,,,,,,,,,,144,"485831
495730
505730",
2013170110,,210961,1,,,Michelle Renee,Rockfish,,4131,,Chinook,None,IN,20131111,2013,57,47,N,150,01,W,,,M,,640,4,,,20131217,N,E,hsrf,20130604,Y,,81,trawl,REP13,N,,,,,,,,,,,,145,"485831
495730
505730",
2013170111,,635368,1,,,Michelle Renee,Rockfish,,4131,,Chinook,None,IN,20131111,2013,57,47,N,150,01,W,,,F,,740,6.4,,,20131217,N,E,hsrf,20130604,Y,,81,trawl,REP13,N,,,,,,,,,,,,149,"485831
495730
505730",
2013170112,,635690,1,,,Michelle Renee,Rockfish,,4131,,Chinook,Ad,IN,20131111,2013,57,47,N,150,01,W,,,M,,620,3.6,,,20131217,N,E,hsrf,20130604,Y,,81,trawl,REP13,N,,,,,,,,,,,,146,"485831
495730
505730",
2013170113,,090443,1,,,Michelle Renee,Rockfish,,4131,,Chinook,Ad,IN,20131111,2013,57,47,N,150,01,W,,,F,,710,5.3,,,20131217,N,E,hsrf,20130604,Y,,81,trawl,REP13,N,,,,,,,,,,,,148,"485831
495730
505730",
2013170114,,210961,1,,,Michelle Renee,Rockfish,,4131,,Chinook,None,IN,20131111,2013,57,47,N,150,01,W,,,M,,680,4.4,,,20131217,N,E,hsrf,20130604,Y,,81,trawl,REP13,N,,,,,,,,,,,,142,"485831
495730
505730",
2013170115,,090538,1,,KM,Cape Kiwanda,Rockfish,,1235,,Chinook,Ad,IN,20131115,2013,,,,,,,630,,F,,620,3.6,,,20131217,N,E,hsrf,20130604,Y,,81,trawl,REP13,N,,,,,,,,,,,,1,"505700
495730
495800",
2013170116,,090448,1,,KH,Cape Kiwanda,Rockfish,,1235,,Chinook,Ad,IN,20131014,2013,,,,,,,,,,,660,3.9,,,20131231,N,E,hsed,,Y,,81,trawl,REP13,N,,,,,,,,,,,,96,,
2013170117,,210910,1,,,Cape Kiwanda,Rockfish,,1235,,Chinook,Ad,IN,20131014,2013,,,,,,,,,,,730,5.2,,,20131231,N,E,hsed,,Y,,81,trawl,REP13,N,,,,,,,,,,,,97,,
2013170118,,051267,1,,,Cape Kiwanda,Rockfish,,1235,,Chinook,Ad,IN,20131014,2013,,,,,,,,,,,630,,,,20131231,N,E,hsed,,Y,,81,trawl,REP13,N,,,,,,,,,,,,98,,
2013170119,,190214,1,,,Cape Kiwanda,Rockfish,,1235,,Chinook,None,IN,20131014,2013,,,,,,,,,,,670,,,,20131231,N,E,hsed,,Y,,81,trawl,REP13,N,,,,,,,,,,,,95,,
2014070001,,,2,,KAH,Topaz,Rockfish,,,70,Chinook,Ad,IN,20140514,2014,57,14,N,151,02,W,630,,,,520,2,,,201503,N,E,hsrf,,Y,,812,trawl,REP15,N,0,1,1,1,5000,1,3,,,,,,505730 10%/495800 90%,
2014070002,,,2,,KAH,Michelle Renee,Rockfish,,,1,Chinook,Ad,IN,20140822,2014,,,N,,,W,630,,,,610,3.3,,,201503,N,E,hsrf,,Y,,812,trawl,REP15,N,0,1,1,1,5000,1,3,,,,,,495730 55%/485800 43%/495800 2%,
2014070004,,,2,,1,Caravelle,Rockfish,,,,Chinook,Ad,IN,20141105,2014,,,N,,,W,630,,,,880,7.7,,,201503,N,E,hsrf,,Y,,812,trawl,REP15,N,0,1,1,1,5000,1,3,,,,,,485730,
2014070005,,,2,,Tom Mauer,Alaska Beauty,Rockfish,,,16,Chinook,Ad,IN,20140418,2014,57,41,N,155,02,W,620,,,,560,,,,201503,N,E,hsrf,,Y,,812,trawl,REP15,N,0,1,,,5000,1,3,,,,,,,
2014070006,,,2,,KAH,Michelle Renee,Rockfish,,,1,Chinook,Ad,IN,,2014,,,N,,,W,630,,M,,650,3.4,,,201503,N,E,hsrf,,Y,,812,trawl,REP15,N,0,1,1,1,5000,1,3,,,,,,,
2014070010,,,2,,KAH,Topaz,Rockfish,,,72,Chinook,Ad,IN,20140512,2014,,,N,,,W,630,,,,430,1.4,,,201503,N,E,hsrf,,Y,,812,trawl,REP15,N,0,1,1,1,5000,1,3,,,,,,505730 10%/495800 90%,
2014070011,,,2,,KAH,Excalibur II,Rockfish,,,1,Chinook,None,IN,20140922,2014,,,N,,,W,630,,,,560,2.5,,,201503,N,E,hsrf,,Y,,812,trawl,REP15,N,0,1,1,1,0000,1,3,,,,,,515700,
2014070015,,,2,,KAH,Peggy Jo,Rockfish,,,1,Chinook,Ad,IN,20140510,2014,,,N,,,W,630,,,,520,1.9,,,201503,N,E,hsrf,,Y,,812,trawl,REP15,N,0,1,1,1,5000,1,3,,,,,,495730,
2014070016,,,2,,PF,Caravelle,Rockfish,,,8,Chinook,Ad,IN,20140414,2014,57,50,N,154,46,W,620,,M,,550,1.9,Boat Haul # 91,,201503,N,E,hsrf,,Y,,812,trawl,REP15,N,0,1,1,1,5000,1,3,,,,,3,,
2014070021,,090599,1,,KAH,EX II,Rockfish,,,,Chinook,Ad,IN,20140918,2014,,,N,,,W,630,,,,650,4.3,Boat Haul # 1,,201503,N,E,hsrf,,Y,,812,trawl,REP15,N,0,1,1,1,5000,1,3,,,,,,,
2014070023,,211009,1,,KAH,Cape Kiwanda,Rockfish,,,,Chinook,Ad,IN,20140510,2014,,,N,,,W,630,,,,490,1.7,Boat Haul # 29,,201503,N,E,hsrf,,Y,,812,trawl,REP15,N,0,1,1,1,5000,1,3,,,,,29,505700 48%/515700 52%,
2014070024,,042994,1,,P. Forstner,Caravelle,Rockfish,,,3,Chinook,Ad,IN,20140409,2014,57,24,N,151,18,W,,,,,360,0.6,Boat Haul # 86,,201503,N,E,hsrf,,Y,,812,trawl,REP15,N,0,1,1,1,5000,1,3,,,,,1,,
2014070026,,090488,1,,KAH,Sea Mac,Rockfish,,,1,Chinook,Ad,IN,20140606,2014,,,N,,,W,630,,,,630,2.9,,,201503,N,E,hsrf,,Y,,812,trawl,REP15,N,0,1,1,1,5000,1,3,,,,,,495730,
2014070028,,071156,1,,KAH,Walter N,Rockfish,,,1,Chinook,Ad,IN,20140920,2014,,,N,,,W,630,,,,570,2.5,Binary code,,201503,N,E,hsrf,,Y,,812,trawl,REP15,N,0,1,1,1,5000,1,3,,,,,,515700,
2014070030,,636172,1,,KAH,Laura,Rockfish,,,,Chinook,Ad,IN,20141025,2014,,,N,,,W,630,,M,,590,2.8,Vessle name hard to read; Boat Haul # 3,,201503,N,E,hsrf,,Y,,812,trawl,REP15,N,0,1,1,1,5000,1,3,,,,,,505800,
2014070031,,042874,1,,KAH,Topaz,Rockfish,,,74,Chinook,Ad,IN,20140512,2014,,,N,,,W,630,,,,460,1.6,,,201503,N,E,hsrf,,Y,,812,trawl,REP15,N,0,1,1,1,5000,1,3,,,,,,505730 10%/495800 90%,
2014070032,,090599,1,,KAH,Cape Kiwanda,Rockfish,,,1,Chinook,Ad,IN,20141108,2014,,,N,,,W,630,,,,640,4.1,Boat Haul # 1,,201503,N,E,hsrf,,Y,,812,trawl,REP15,N,0,1,1,1,5000,1,3,,,,,,515700,
2014070033,,030716,1,,KAH,Elizabeth F,Rockfish,,,1,Chinook,Ad,IN,20140508,2014,,,N,,,W,630,,,,570,2.2,,,201503,N,E,hsrf,,Y,,812,trawl,REP15,N,0,1,1,1,5000,1,3,,,,,,505700,
2014070034,,182192,1,,PF,Caravelle,Rockfish,,,4,Chinook,Ad,IN,20140410,2014,57,45,N,154,14,W,,,M,,540,2,Boat Haul # 87,,201503,N,E,hsrf,,Y,,812,trawl,REP15,N,0,1,1,1,5000,1,3,,,,,2,,
2014070035,,094235,1,,KAH,Elizabeth F,Rockfish,,,2,Chinook,Ad,IN,20140508,2014,,,N,,,W,630,,,,510,1.7,,,201503,N,E,hsrf,,Y,,812,trawl,REP15,N,0,1,1,1,5000,1,3,,,,,,505700,
2014070036,,090448,1,,KAH,Laura,Rockfish,,,1,Chinook,Ad,IN,20140610,2014,,,N,,,W,630,,,,720,5,,,201503,N,E,hsrf,,Y,,812,trawl,REP15,N,0,1,1,1,5000,1,3,,,,,,495800,
2014070037,,090599,1,,KAH,Topaz,Rockfish,,,71,Chinook,Ad,IN,20140514,2014,,,N,,,W,620,,,,480,1.7,,,201503,N,E,hsrf,,Y,,812,trawl,REP15,N,0,1,1,1,5000,1,3,,,,,,,
2014070038,,090464,1,,KAH,Elizabeth F,Rockfish,,,3,Chinook,Ad,IN,20140508,2014,,,N,,,W,630,,,,460,1.3,,,201503,N,E,hsrf,,Y,,812,trawl,REP15,N,0,1,1,1,5000,1,3,,,,,,505700,
2014070039,,090463,1,,KAH,Peggy Jo,Rockfish,,,1,Chinook,Ad,IN,20141106,2014,,,N,,,W,630,,,,670,4.4,,,201503,N,E,hsrf,,Y,,812,trawl,REP15,N,0,1,1,1,5000,1,3,,,,,,515700,
2014070040,,090281,1,,KAH,Laura,Rockfish,,,2,Chinook,Ad,IN,20140610,2014,,,N,,,W,630,,,,680,4.4,,,201503,N,E,hsrf,,Y,,812,trawl,REP15,N,0,1,1,1,5000,1,3,,,,,,495800,
2014070041,,090431,1,,KAH,Topaz,Rockfish,,,73,Chinook,Ad,IN,20140512,2014,,,N,,,W,630,,,,440,1.5,,,201503,N,E,hsrf,,Y,,812,trawl,REP15,N,0,1,1,1,5000,1,3,,,,,,505730 10%/495800 90%,
2015170001,,090713,1,,,Stella,Rockfish,,7079,,Chinook,Ad,in,20150509,2015,,,,,,,630,,F,,530,1.8,Stat Area 505730,,20151231,N,E,hsrf,20150604,,,812,trawl,REP16,N,,,,,,,,,,,,14,,
2015170002,,090599,1,,KM,Stella,Rockfish,,7079,,Chinook,Ad,in,20150509,2015,,,,,,,630,,F,,670,3.5,Stat Aread 505730,,20160113,N,E,hsrf,20150604,,,812,trawl,REP16,N,,,,,,,,,,,,15,,
2015170003,,220231,1,,KM,Stella,Rockfish,,7079,,Chinook,None,in,20150509,2015,,,,,,,630,,M,,550,1.9,Stat Area 505730,,20160113,N,E,hsrf,20150604,,,812,trawl,REP16,N,,,,,,,,,,,,27,,
2015170004,,,2,,,Topaz,Rockfish,,405,,Chinook,Ad,in,20150510,2015,,,,,,,630,,F,,600,2.5,State Area 505730,,20160113,N,E,hsrf,20150604,,,812,trawl,REP16,N,,,,,,,,,,,,4,,
2015170005,,055363,1,,K,Topaz,Rockfish,,405,,Chinook,Ad,in,20150510,2015,,,,,,,630,,F,,640,3.3,Stat Area 505730,,20160113,N,E,hsrf,20150604,,,812,trawl,REP16,N,,,,,,,,,,,,5,,
2015170006,,042995,1,,KM,Gold Rush,Rockfish,,1868,,Chinook,Ad,in,20150513,2015,,,,,,,630,,F,,630,3,Stat area 535602,,20160113,N,E,hsrf,20150604,,,812,trawl,REP16,N,,,,,,,,,,,,3,,
2015170007,,042995,1,,KM,Gold Rush,Rockfish,,1868,,Chinook,Ad,in,20150513,2015,,,,,,,630,,F,,520,1.8,Stat Area 535602,,20160113,N,E,hsrf,20150604,,,812,trawl,REP16,N,,,,,,,,,,,,33,,
2015170008,,636475,1,,KM,Pacific Star,Rockfish,,2781,,Chinook,Ad,in,20150518,2015,,,,,,,630,,M,,550,1.9,Stat Area 515700,,20160113,N,E,hsrf,20150604,,,812,trawl,REP16,N,,,,,,,,,,,,10,,
2015170009,,092055,1,,KM,Nicole,Rockfish,,4037,,Chinook,Ad,in,20150519,2015,,,,,,,630,,F,,530,1.7,Stat area 495730 (80%) and 505700 (20%). Binary,,20160113,N,E,hsrf,20150604,,,812,trawl,REP16,N,,,,,,,,,,,,16,,
2015170010,,090599,1,,KM,Pacific Star,Rockfish,,2781,,Chinook,Ad,in,20150522,2015,,,,,,,630,,F,,690,3.7,Stat Area 515700,,20160113,N,E,hsrf,20150604,,,812,trawl,REP16,N,,,,,,,,,,,,28,,
2015170011,,636508,1,,KM,Pacific Star,Rockfish,,2781,,Chinook,None,in,20150522,2015,,,,,,,630,,M,,640,3,Stat Area 515700,,20160113,N,E,hsrf,20150604,,,812,trawl,REP16,N,,,,,,,,,,,,37,,
2015170012,,,3,,KM,Pacific Star,Rockfish,,2781,,Chinook,Ad,in,20150522,2015,,,,,,,630,,F,,620,3,Stat Area 515700,,20160113,N,E,hsrf,20150604,,,812,trawl,REP16,N,,,,,,,,,,,,46,,
2015170013,,,2,,CH,Leslie Lee,Rockfish,,1234,,Chinook,Ad,in,20150522,2015,57,07,,151,10,,630,,F,,510,1.6,,,20160113,N,E,hsrf,20150604,,,812,trawl,REP16,N,,,,,,,,,,,,35,,
2015170014,,636507,1,,KM,Gold Rush,Rockfish,,1868,,Chinook,Ad,in,20150522,2015,57,58,,149,27,,630,,F,,510,1.3,,,20160113,N,E,hsrf,20150604,,,812,trawl,REP16,N,,,,,,,,,,,,53,,
2015170015,,055367,1,,KM,Vanguard,Rockfish,,519,,Chinook,None,in,20150523,2015,57,10,,151,06,,630,,F,,650,3,,,20160113,N,E,hsrf,20150604,,,812,trawl,REP16,N,,,,,,,,,,,,16,,
2015170016,,040993,1,,KM,Vanguard,Rockfish,,519,,Chinook,Ad,in,20150523,2015,57,10,,151,06,,630,,F,,660,3,,,20160113,N,E,hsrf,20150604,,,812,trawl,REP16,N,,,,,,,,,,,,17,,
2015170017,,,2,,KM,Leslie Lee,Rockfish,,1234,,Chinook,None,in,20150530,2015,58,04,,149,21,,630,,M,,540,1.8,,,20160113,N,E,hsrf,20150604,,,812,trawl,REP16,N,,,,,,,,,,,,21,,
2015170018,,090713,1,,,Leslie Lee,Rockfish,,1234,,Chinook,Ad,in,20150530,2015,58,04,,149,21,,630,,F,,540,1.8,,,20160113,N,E,hsrf,20150604,,,812,trawl,REP16,N,,,,,,,,,,,,72,,
2015170019,,,2,,K,Marcy J,Rockfish,,2142,,Chinook,Ad,in,20150603,2015,,,,,,,630,,M,,510,1.4,Stat Area 505730,,20160113,N,E,hsrf,20150604,,,812,trawl,REP16,N,,,,,,,,,,,,4,,
2015170020,,636508,1,,KM,Progress,Rockfish,,512,,Chinook,None,in,20150603,2015,,,,,,,630,,F,,550,1.7,Stat Area 495800,,20160113,N,E,hsrf,20150604,,,812,trawl,REP16,N,,,,,,,,,,,,1,,
2015170021,,,2,,KM,Progress,Rockfish,,512,,Chinook,Ad,in,20150603,2015,,,,,,,630,,M,,520,1.5,Stat Area 495800,,20160113,N,E,hsrf,20150604,,,812,trawl,REP16,N,,,,,,,,,,,,2,,
2015170022,,,2,,K,Laura,Rockfish,,1571,,Chinook,None,in,20150607,2015,,,,,,,630,,F,,780,5.7,Postive signal not 100% sure,,20160113,N,E,hsrf,20150604,,,812,trawl,REP16,N,,,,,,,,,,,,1,,
2015170023,,090713,1,,,Cape Kiwanda,Rockfish,,1235,,Chinook,Ad,in,20150618,2015,57,10,,152,38,,630,,M,,560,2,,,20160113,N,E,hsrf,20150604,,,812,trawl,REP16,N,,,,,,,,,,,,8,,
2015170024,,182192,1,,,Michelle Renee,Rockfish,,4131,,Chinook,Ad,in,20150625,2015,,,,,,,630,,M,,770,5.9,"Stat area 505730, 495730, 505730",,20160113,N,E,hsrf,20150604,,,812,trawl,REP16,N,,,,,,,,,,,,3,,
2015170025,,090718,1,,,Cape Kiwanda,Rockfish,,4131,,Chinook,Ad,in,20150711,2015,,,,,,,630,,F,,500,1.5,"Stat Area 505700, 505730, 515700",,20160113,N,E,hsrf,20150604,,,812,trawl,REP16,N,,,,,,,,,,,,25,,
2015170026,,090718,1,,KM,Excalibue II,Rockfish,,410,,Chinook,Ad,in,20150927,2015,,,,,,,630,,F,,520,2,"Stat Area 515700, 525630",,20160113,N,E,hsrf,20150604,,,812,trawl,REP16,N,,,,,,,,,,,,26,,
2015170027,,093651,1,,,Cape Kiwanda,Rockfish,,4131,,Chinook,Ad,in,20151101,2015,,,,,,,630,,M,,630,3.2,Stat Area 515700,,20160113,N,E,hsrf,20150604,,,812,trawl,REP16,N,,,,,,,,,,,,27,,
2015170028,,211049,1,,,Elizabeth F,Rockfish,,823,,Chinook,Ad,in,20151104,2015,,,,,,,630,,F,,580,2.4,Stat Area 515700,,20160113,N,E,hsrf,20150604,,,812,trawl,REP16,N,,,,,,,,,,,,28,,
2015170029,,090713,1,,KM,Cape Kiwanda,Rockfish,,4131,,Chinook,Ad,in,20151108,2015,,,,,,,630,,F,,640,3.2,Stat Area 515700,,20160113,N,E,hsrf,20150604,,,812,trawl,REP16,N,,,,,,,,,,,,29,,
2015170030,,090861,1,,K,Bay Islander,Rockfish,,1193,,Chinook,None,in,20151110,2015,,,,,,,630,,M,,380,0.8,"Stat Area 495800, 495730. Sample #10",,20160113,N,E,hsrf,20150604,,,812,trawl,REP16,N,,,,,,,,,,,,30,,
2015170031,,,2,,,Bay Islander,Rockfish,,1193,,Chinook,Ad,in,20151110,2015,,,,,,,630,,M,,360,0.7,"Stat area 495800, 495730. Sample #11",,20160113,N,E,hsrf,20150604,,,812,trawl,REP16,N,,,,,,,,,,,,31,,
2015170032,,090713,1,,KM,Elizabeth F,Rockfish,,823,,Chinook,Ad,in,20151111,2015,,,,,,,630,,F,,630,3.1,Stat Area 505700. Sample #30,,20160113,N,E,hsrf,20150604,,,812,trawl,REP16,N,,,,,,,,,,,,32,,
2015170033,,090713,1,,KM,Elizabeth F,Rockfish,,823,,Chinook,Ad,in,20151111,2015,,,,,,,630,,F,,600,2.7,Stat Area 505700. Sample #31,,20160113,N,E,hsrf,20150604,,,812,trawl,REP16,N,,,,,,,,,,,,33,,
2015170034,,,2,,,Elizabeth F,Rockfish,,823,,Chinook,Ad,in,20151111,2015,,,,,,,630,,F,,630,2.8,Stat area 505700. Sample #32,,20160113,N,E,hsrf,20150604,,,812,trawl,REP16,N,,,,,,,,,,,,34,,
2015170035,,180684,1,,,Elizabeth F,Rockfish,,823,,Chinook,Ad,in,20151111,2015,,,,,,,630,,F,,540,2.1,Stat Area 505700. Sample #33,,20160113,N,E,hsrf,20150604,,,812,trawl,REP16,N,,,,,,,,,,,,35,,
2015170036,,211049,1,,,Bay Islander,Rockfish,,1193,,Chinook,Ad,in,20151117,2015,,,,,,,630,,F,,560,2.3,"Stat Area 494730, 495800. Sample #4",,20160113,N,E,hsrf,20150604,,,812,trawl,REP16,N,,,,,,,,,,,,36,,
2016170001,,,2,,K,Walter N,Rockfish,,825,1,Chinook,Ad,in,20160504,2016,51,57,,,,,630,,F,,420,0.9,,,20161223,N,E,hsrf,20160604,,,812,trawl,REP17,N,,,,,,,,,,,,1,,
2016170002,,636584,1,,K,Stella,Rockfish,,7079,,Chinook,Ad,in,20160505,2016,50,57,,,,,630,,M,,530,1.7,,,20161223,N,E,hsrf,20160604,,,812,trawl,REP17,N,,,,,,,,,,,,2,,
2016170003,,090713,1,,K,Stella,Rockfish,,7079,,Chinook,Ad,in,20160505,2016,50,57,,,,,630,,F,,600,2.3,,,20161223,N,E,hsrf,20160604,,,812,trawl,REP17,N,,,,,,,,,,,,3,,
2016170004,,090713,1,,K,SeaMac,Rockfish,,1043,,Chinook,Ad,in,20160508,2016,49,58,,,,,630,,F,,590,2.2,,,20161223,N,E,hsrf,20160604,,,812,trawl,REP17,N,,,,,,,,,,,,4,,
2016170005,,,2,,K,GoldRush,Rockfish,,1868,,Chinook,Ad,in,20160508,2016,50,57,,,,,630,,M,,410,1,,,20161223,N,E,hsrf,20160604,,,812,trawl,REP17,N,,,,,,,,,,,,5,,
2016170006,,211087,1,,K,Gold Rush,Rockfish,,1868,,Chinook,Ad,in,20160508,2016,50,57,,,,,630,,M,,440,1.2,,,20161223,N,E,hsrf,20160604,,,812,trawl,REP17,N,,,,,,,,,,,,6,,
2016170007,,093653,1,,K,Gold Rush,Rockfish,,1868,,Chinook,Ad,in,20160508,2016,50,57,,,,,630,,M,,470,1.2,,,20161223,N,E,hsrf,20160604,,,812,trawl,REP17,N,,,,,,,,,,,,7,,
2016170008,,,2,,,Gold Rush,Rockfish,,1868,,Chinook,Ad,in,20160508,2016,50,57,,,,,630,,F,,580,2,,,20161223,N,E,hsrf,20160604,,,812,trawl,REP17,N,,,,,,,,,,,,8,,
2016170009,,636508,1,,K,Marcy J,Rockfish,,2142,,Chinook salmon,None,in,20160510,2016,49,57,,,,,630,,M,,560,1.9,,,20161223,N,E,hsrf,20160604,,,812,trawl,REP17,N,,,,,,,,,,,,9,,
2016170010,,,1,,K,Progress,Rockfish,,512,,Chinook,Ad,in,20160509,2016,49,57,,,,,630,,F,,500,1.4,agency code 20,,20161223,N,E,hsrf,20160604,,,812,trawl,REP17,N,,,,,,,,,,,,10,,
2016170011,,094634,1,,K,Vanguard,Rockfish,,512,,Chinook salmon,Ad,in,20160512,2016,49,57,,,,,630,,F,,640,3.1,,,20161223,N,E,hsrf,20160604,,,812,trawl,REP17,N,,,,,,,,,,,,11,,
2016170012,,211093,1,,K,Mar Pacifico,Rockfish,,1674,,Chinook salmon,None,in,20160518,2016,54,55,,,,,620,,F,,440,1.2,NMFS area 630 also written,,20161223,N,E,hsrf,20160604,,,812,trawl,REP17,N,,,,,,,,,,,,12,,
2016170013,,210486,1,,K,Michelle Renee,Rockfish,,4131,,Chinook,None,in,20160529,2016,49,57,,,,,630,,M,,710,5,,,20161223,N,E,hsrf,20160604,,,812,trawl,REP17,N,,,,,,,,,,,,13,,
2016170014,,031674,1,,K,Michelle Renee,Rockfish,,4131,,Chinook salmon,Ad,in,20160529,2016,49,57,,,,,630,,M,,640,3,,,20161223,N,E,hsrf,20160604,,,812,trawl,REP17,N,,,,,,,,,,,,14,,
2016170015,,090713,1,,K,Nicole,Rockfish,,4037,,Chinook salmon,Ad,in,20160531,2016,49,57,,,,,630,,F,,670,3.5,,,20161223,N,E,hsrf,20160604,,,812,trawl,REP17,N,,,,,,,,,,,,15,,
2016170016,,211049,1,,K,Pacific Star,Rockfish,,2781,,Chinook salmon,Ad,in,20160602,2016,50,57,,,,,630,,M,,650,3,,,20161223,N,E,hsrf,20160604,,,812,trawl,REP17,N,,,,,,,,,,,,16,,
2016170017,,,2,,K,Michelle Renee,Rockfish,,4131,,Chinook salmon,Ad,in,20160607,2016,51,57,,,,,630,,F,,610,3,,,20161223,N,E,hsrf,20160604,,,812,trawl,REP17,N,,,,,,,,,,,,17,,
2016170018,,636648,1,,K,Michelle Renee,Rockfish,,4131,,Chinook salmon,Ad,in,20160607,2016,51,57,,,,,630,,F,,490,1.5,,,20161223,N,E,hsrf,20160604,,,812,trawl,REP17,N,,,,,,,,,,,,18,,
2016170019,,,2,,K,Pacific Star,Rockfish,,,,Chinook salmon,Ad,in,20160610,2016,,,,,,,630,,M,,610,2.8,,,20161223,N,E,hsrf,20160604,,,812,trawl,REP17,N,,,,,,,,,,,,19,,
2016170020,,,2,,K,New Life,Rockfish,,6182,,Chinook salmon,Ad,in,20160625,2016,48,58,,,,,630,,F,,570,2.2,,,20161223,N,E,hsrf,20160604,,,812,trawl,REP17,N,,,,,,,,,,,,20,,
2016170021,,636504,1,,K,Walter N,Rockfish,,,,Chinook,Ad,in,20160806,2016,51,57,,,,,630,,F,,610,3.1,,,20161223,N,E,hsrf,20160604,,,812,trawl,REP17,N,,,,,,,,,,,,21,,
2016170022,,200108,1,,K,Bay Islander,Rockfish,,1193,,Chinook salmon,Ad,in,20161105,2016,55,56,,,,,620,,F,,670,3.5,,,20161223,N,E,hsrf,20160604,,,812,trawl,REP17,N,,,,,,,,,,,,22,,
2016170023,,636664,1,,K,Bay Islander,Rockfish,,1193,,Chinook salmon,Ad,in,20161105,2016,55,56,,,,,620,,F,,550,2.3,,,20161223,N,E,hsrf,20160604,,,812,trawl,REP17,N,,,,,,,,,,,,23,,
2016170024,,183279,1,,K,Bay Islander,Rockfish,,1193,,Chinook salmon,Ad,in,20161105,2016,55,56,,,,,620,,M,,480,1.7,,,20161223,N,E,hsrf,20160604,,,812,trawl,REP17,N,,,,,,,,,,,,24,,
2016170025,,183071,1,,K,Bay Islander,Rockfish,,1193,,Chinook salmon,Ad,in,20161105,2016,55,56,,,,,620,,M,,500,1.9,,,20161223,N,E,hsrf,20160604,,,812,trawl,REP17,N,,,,,,,,,,,,25,,
2016170026,,090919,1,,K,Bay Islander,Rockfish,,1193,,Chinook salmon,Ad,in,20161105,2016,55,56,,,,,,,F,,440,1.3,,,20161223,N,E,hsrf,20160604,,,812,trawl,REP17,N,,,,,,,,,,,,26,,
2016170027,,211136,1,,K,Bay Islander,Rockfish,,1193,,Chinook salmon,Ad,in,20161105,2016,55,56,,,,,620,,M,,530,2.3,,,20161223,N,E,hsrf,20160604,,,812,trawl,REP17,N,,,,,,,,,,,,27,,
2016170028,,090853,1,,K,Bay Islander,Rockfish,,1193,,Chinook salmon,Ad,in,20161105,2016,55,56,,,,,620,,F,,590,2.9,,,20161223,N,E,hsrf,20160604,,,812,trawl,REP17,N,,,,,,,,,,,,28,,
2016170029,,182481,1,,K,Bay Islander,Rockfish,,1193,,Chinook salmon,Ad,in,20161105,2016,55,56,,,,,620,,F,,500,1.5,,,20161223,N,E,hsrf,20160604,,,812,trawl,REP17,N,,,,,,,,,,,,29,,
2016170030,,180270,1,,K,Bay Islander,Rockfish,,1193,,Chinook salmon,Ad,in,20161105,2016,55,56,,,,,620,,F,,490,1.9,,,20161223,N,E,hsrf,20160604,,,812,trawl,REP17,N,,,,,,,,,,,,30,,
2017170001,,636651,1,,K,Pacific Star,Rockfish,,2781,,Chinook,None,in,20170511,2017,51,57,,,,,630,,F,,540,1.6,specimen #31 in delivery,,20171207,N,E,hsrf,,,,812,trawl,REP18,N,,,,,,,3,,,,,1,515700 (50%); 505730 (50%),
2017170002,,636651,1,,K,Sea Mac,Rockfish,,1043,,Chinook,Ad,in,20170511,2017,49,57,,,,,630,,M,,600,2.2,specimen #5 in delivery,,20171207,N,E,hsrf,,,,812,trawl,REP18,N,,,,,,,3,,,,,2,495730,
2017170003,,636801,1,,K,Mar Pacifico,Rockfish,,1674,,Chinook,Ad,in,20170510,2017,51,57,,,,,630,,M,,630,1.8,"specimen #3 in delivery, small adipose piece only",,20171207,N,E,hsrf,,,,812,trawl,REP18,N,,,,,,,3,,,,,3,515700 (58%); 505700 (20%); 495730 (15%); 505730 (7%),
2017170004,,610454,1,,K,Gold Rush,Rockfish,,1868,,Chinook,Ad,in,20170510,2017,50,57,,,,,630,,M,,650,3,specimen #7 in delivery,,20171207,N,E,hsrf,,,,812,trawl,REP18,N,,,,,,,3,,,,,4,505730,
2017170005,,041537,1,,K,Gold Rush,Rockfish,,1868,,Chinook,Ad,in,20170510,2017,50,57,,,,,630,,F,,560,2,specimen #8 in delivery,,20171207,N,E,hsrf,,,,812,trawl,REP18,N,,,,,,,3,,,,,5,505730,
2017170006,,636647,1,,K,Gold Rush,Rockfish,,1868,,Chinook,Ad,in,20170510,2017,50,57,,,,,630,,F,,580,2,specimen #9 in delivery,,20171207,N,E,hsrf,,,,812,trawl,REP18,N,,,,,,,3,,,,,6,505730,
2017170007,,183279,1,,K,Sea Mac,Rockfish,,1043,,Chinook,Ad,in,20170519,2017,49,58,,,,,630,,F,,520,1.6,,,20171207,N,E,hsrf,,,,812,trawl,REP18,N,,,,,,,3,,,,,7,495800 (91%); 495730 (6%); 495700 (3%),
2017170008,,090653,1,,K,Marcy J,Rockfish,,2142,,Chinook,Ad,in,20170524,2017,50,57,,,,,630,,F,,570,1.9,"specimen #5 in delivery, 1.5 length tag",,20171207,N,E,hsrf,,,,812,trawl,REP18,N,,,,,,,3,,,,,8,505730 (60%); 495800 (40%),
2017170009,,636678,1,,K,Hickory Wind,Rockfish,,993,,Chinook,Ad,in,20170524,2017,49,57,,,,,630,,M,,530,1.4,specimen #11 in delivery,,20171207,N,E,hsrf,,,,812,trawl,REP18,N,,,,,,,3,,,,,9,495730 (99%); 505730 (1%),
2017170010,,090919,1,,K,Walter N,Rockfish,,825,,Chinook,Ad,in,20170604,2017,49,57,,,,,630,,M,,560,2.1,"specimen #2 in delivery, 1.5 length tag",,20171208,N,E,hsrf,,,,812,trawl,REP18,N,,,,,,,3,,,,,10,495730,
2017170011,,636966,1,,K,Laura,Rockfish,,1571,,Chinook,Ad,in,20171103,2017,50,57,,,,,630,,F,,510,1.6,specimen #24 in delivery,,20171208,N,E,hsrf,,,,812,trawl,REP18,N,,,,,,,3,,,,,11,505730,
2017170012,,043990,1,,K,Cape Kiwanda,Rockfish,,1235,,Chinook,Ad,in,20171105,2017,50,58,,,,,630,,M,,630,3.5,,,20171208,N,E,hsrf,,,,812,trawl,REP18,N,,,,,,,3,,,,,12,505800 (66%); 515700 (34%),
2017170013,,091050,1,,K,Sea Mac,Rockfish,,1043,,Chinook,None,in,20171109,2017,49,58,,,,,630,,F,,370,0.5,1.5 length tag,,20171208,N,E,hsrf,,,,812,trawl,REP18,N,,,,,,,3,,,,,13,495800 (50%); 495730 (50%),
2017170014,,182083,1,,K,Cape Kiwanda,Rockfish,,1235,,Chinook,Ad,in,20171115,2017,49,57,,,,,630,,M,,720,5.2,? Tag code,,20171208,N,E,hsrf,,,,812,trawl,REP18,N,,,,,,,3,,,,,14,495730,
2018170001,12,184369,1,,,Gold Rush,Rockfish,,1868,,Chinook,Ad,in,20181024,2018,,,,,,,630,,M,,540,2.5,,,20190130,N,E,hsrf,,,,812,trawl,REP19,N,,,,,,,3,,,,,25,505800,
2018170002,12,044370,1,,,Gold Rush,Rockfish,,1868,,Chinook,Ad,in,20181024,2018,,,,,,,630,,F,,620,3.3,,,20190130,N,E,hsrf,,,,812,trawl,REP19,N,,,,,,,3,,,,,24,505800,
2018170003,13,090919,1,,,Hickory wind,Rockfish,,993,,Chinook,Ad,in,20180505,2018,,,,,,,630,,F,,650,3.2,1.5 length,,20190130,N,E,hsrf,,,,812,trawl,REP19,N,,,,,,,3,,,,,5,495730,
2018170004,12,044297,1,,,Cape Kiwanda,Rockfish,,1235,,Chinook,Ad,in,20181114,2018,,,,,,,630,,M,,750,5.9,,,20190130,N,E,hsrf,,,,812,trawl,REP19,N,,,,,,,3,,,,,28,515700,
2018170005,12,211136,1,,,Gold rush,Rockfish,,1868,,Chinook,Ad,in,20180508,2018,,,,,,,630,,F,,680,4,,,20190130,N,E,hsrf,,,,812,trawl,REP19,N,,,,,,,3,,,,,7,525630,
2018170006,12,636968,1,,,New Life,Rockfish,,6182,,Chinook,None,in,20180504,2018,,,,,,,630,,F,,460,1.2,,,20190321,N,E,hsrf,,,,812,trawl,REP19,N,,,,,,,3,,,,,1,505800 (50%)/495800 (50%),
2018170007,12,200120,1,,,New Life,Rockfish,,6182,,chinook,Ad,in,20180508,2018,,,,,,,620,,M,,450,1,,,20190130,N,E,hsrf,,,,812,trawl,REP19,N,,,,,,,3,,,,,6,545602 (50%) 545530 (50%),
2018170008,12,211166,1,,CSR,Laura,Rockfish,,1571,,Chinook,Ad,in,20180504,2018,,,,,,,630,,F,,420,1,,,20190321,N,E,hsrf,,,,812,trawl,REP19,N,,,,,,,3,,,,,4,485730,
2018170009,13,091052,1,,,Gold rush,Rockfish,,1868,,Chinook,Ad,in,20181024,2018,,,,,,,630,,F,,530,2.1,1.5 length,,20190130,N,E,hsrf,,,,812,trawl,REP19,N,,,,,,,3,,,,,23,505800,
2018170010,13,091052,1,,,Alaska Beauty,Rockfish,,4131,,Chinook,Ad,in,20180609,2018,,,,,,,630,,F,,490,1.5,1.5 length,,20190321,N,E,hsrf,,,,812,trawl,REP19,N,,,,,,,3,,,,,18,495730 (75%)/505730 (25%),
2018170011,13,091178,1,,,Arctic wind,Rockfish,,5137,,Chinook,Ad,in,20181104,2018,,,,,,,630,,M,,470,1.3,1.5 length,,20190130,N,E,hsrf,,,,812,trawl,REP19,N,,,,,,,3,,,,,26,495730,
2018170012,12,636965,1,,,Nichole,Rockfish,,4037,,chinook,Ad,in,20180520,2018,,,,,,,630,,M,,530,1.8,,,20190130,N,E,hsrf,,,,812,trawl,REP19,N,,,,,,,3,,,,,8,495730 (50%) 505700 (50%),
2018170013,12,636953,1,,,Marcy J,Rockfish,,2142,,chinook,None,in,20180523,2018,,,,,,,620,,M,,540,2.1,,,20190130,N,E,hsrf,,,,812,trawl,REP19,N,,,,,,,3,,,,,10,"545602, 515700, 535502, 505730, 505700, 20% each",
2018170014,12,211166,1,,,Gold rush,Rockfish,,1868,,chinook,Ad,in,20181024,2018,,,,,,,630,,F,,600,3.1,,,20190130,N,E,hsrf,,,,812,trawl,REP19,N,,,,,,,3,,,,,21,505800,
2018170015,12,636806,1,,,Nichole,Rockfish,,4037,,Chinook,Ad,in,20180520,2018,,,,,,,630,,F,,620,2.3,,,20190130,N,E,hsrf,,,,812,trawl,REP19,N,,,,,,,3,,,,,9,"495730, 505700, 50% each",
2018170016,12,637144,1,,,Gold rush,Rockfish,,1868,,Chinook,Ad,in,20181024,2018,,,,,,,630,,F,,450,1,,,20190130,N,E,hsrf,,,,812,trawl,REP19,N,,,,,,,3,,,,,22,505800,
2018170017,13,091178,1,,,Cape Kiwanda,Rockfish,,1235,,Chinook,Ad,in,20181106,2018,,,,,,,630,,F,,480,1.4,1.5 length,,20190130,N,E,hsrf,,,,812,trawl,REP19,N,,,,,,,3,,,,,27,"515700 (76%), 505700 (14%), 515630 (10%)",
2018170018,12,055894,1,,,Laura,Rockfish,,1571,,Chinook,Ad,in,20180504,2018,,,,,,,630,,F,,500,1.5,,,20190130,N,E,hsrf,,,,812,trawl,REP19,N,,,,,,,3,,,,,3,485730,
2018170019,12,211167,1,,,New Life,Rockfish,,6182,,Chinook,None,in,20180504,2018,,,,,,,630,,M,,510,1.5,,,20190130,N,E,hsrf,,,,812,trawl,REP19,N,,,,,,,3,,,,,2,"505800, 495800 50%each",
2018170020,12,043596,1,,,Cape Kiwanda,Rockfish,,1235,,Chinook,Ad,in,20180928,2018,,,,,,,630,,M,,740,5.4,,,20190130,N,E,hsrf,,,,812,trawl,REP19,N,,,,,,,3,,,,,20,"485730 (90%), 485831 (10%)",
2018170021,13,091064,1,,,Cape Kiwanda,Rockfish,,1235,,Chinook,Ad,in,20180914,2018,,,,,,,630,,F,,620,3,1.5 length,,20190321,N,E,hsrf,,,,812,trawl,REP19,N,,,,,,,3,,,,,19,495730,
2018170022,13,091052,1,,,Michelle Renee,Rockfish,,4131,,Chinook,Ad,in,20180606,2018,,,,,,,630,,M,,500,1.5,1.5 length,,20190321,N,E,hsrf,,,,812,trawl,REP19,N,,,,,,,3,,,,,16,505730 (50%) / 495730 (50%),
2018170023,12,211168,1,,,Michelle Renee,Rockfish,,4131,,Chinook,Ad,in,20180602,2018,,,,,,,630,,M,,450,1.1,,,20190321,N,E,hsrf,,,,812,trawl,REP19,N,,,,,,,3,,,,,15,495730 (50%) / 485800 (50%),
2018170024,12,043767,1,,,Michelle Renee,Rockfish,,4131,,Chinook,Ad,in,20180525,2018,,,,,,,630,,M,,800,7.5,,,20190321,N,E,hsrf,,,,812,trawl,REP19,N,,,,,,,3,,,,,14,495730 (80%) / 495800 (20%),
2018170025,16,09BLANK,9,,,Excalibur II,Rockfish,,410,,Chinook,Ad,in,20180526,2018,,,,,,,630,,F,,520,1.6,Agency 09 tag,,20190321,N,E,hsrf,,,,812,trawl,REP19,N,,,,,,,3,,,,,11,495730,
2018170026,12,211167,1,,,Michelle Renee,Rockfish,,4131,,Chinook,None,in,20180525,2018,,,,,,,630,,F,,510,1.7,,,20190321,N,E,hsrf,,,,812,trawl,REP19,N,,,,,,,3,,,,,13,495730 (80%) / 495800 (20%),
2018170027,12,211166,1,,,Michelle Renee,Rockfish,,4131,,Chinook,Ad,in,20180525,2018,,,,,,,630,,F,,530,2,,,20190321,N,E,hsrf,,,,812,trawl,REP19,N,,,,,,,3,,,,,12,495730 (80%) / 495800 (20%),
2018170028,12,043992,1,,,Laura,Rockfish,,1571,,Chinook,Ad,in,20180606,2018,,,,,,,630,,M,,690,4.5,,,20190321,N,E,hsrf,,,,812,trawl,REP19,N,,,,,,,3,,,,,17,515700 (50%) / 505700 (50%),
2018170029,,,2,,,Evie Grace,Rockfish,,34939,,Chinook,Ad,in,20181115,2018,,,,,,,630,,M,,750,5.6,,,20190321,N,E,hsrf,,,,812,trawl,REP19,N,,,,,,,3,,,,,29,505700 (70%) / 515700 (30%),
2019170151,12,610481,1,,,Alaska Beauty,Rockfish,,2046,,CHINOOK,Ad,in,20191003,2019,,,N,,,W,630,,F,,670,4.2,,,20191129,N,E,hsrf,,Y,,812,trawl,REP21,N,,,,,5000,1,3,,,,,31,495730,AM
2019170152,12,211216,1,,,Pacific Star,Rockfish,,2781,,CHINOOK,Ad,in,20191021,2019,,,N,,,W,630,,M,,680,4.5,,,20191129,N,E,hsrf,,Y,,812,trawl,REP21,N,,,,,5000,1,3,,,,,30,515700,AM
2019170154,12,637139,1,,,Pacific Star,Rockfish,,2781,,CHINOOK,Ad,in,20191021,2019,,,N,,,W,630,,F,,570,2.5,,,20191129,N,E,hsrf,,Y,,812,trawl,REP21,N,,,,,5000,1,3,,,,,29,515700,AM
2019170157,12,637238,1,,,Alaska Beauty,Rockfish,,2046,,CHINOOK,Ad,in,20191031,2019,,,N,,,W,630,,F,,310,0.5,,,20191129,N,E,hsrf,,Y,,812,trawl,REP21,N,,,,,5000,1,3,,,,,32,495730,AM
2019170158,12,091178,1,,,Stella,Rockfish,,7079,,CHINOOK,Ad,in,20191106,2019,,,N,,,W,630,,F,,610,3.1,,,20191129,N,E,hsrf,,Y,,812,trawl,REP21,N,,,,,5000,1,3,,,,,35,495730,AM
2019170159,12,211168,1,,,Stella,Rockfish,,7079,,CHINOOK,Ad,in,20190514,2019,,,N,,,W,630,,F,,630,3.2,,,20191129,N,E,hsrf,,Y,,812,trawl,REP21,N,,,,,5000,1,3,,,,,6,495730 95%/505700 5%,AM
2019170160,12,211217,1,,,Evie Grace,Rockfish,,34939,,CHINOOK,NONE,in,20190503,2019,,,N,,,W,630,,M,,530,1.8,,,20191129,N,E,hsrf,,Y,,812,trawl,REP21,N,,,,,0000,1,3,,,,,4,505800,AM
2019170161,12,211216,1,,,Sea Mae,Rockfish,,1043,,CHINOOK,Ad,in,20190504,2019,,,N,,,W,630,,F,,520,1.6,,,20191129,N,E,hsrf,,Y,,812,trawl,REP21,N,,,,,5000,1,3,,,,,2,505730 90%/525600 10%,AM
2019170162,12,183979,1,,,New Life,Rockfish,,6182,,CHINOOK,Ad,in,20190505,2019,,,N,,,W,630,,F,,520,1.7,,,20191129,N,E,hsrf,,Y,,812,trawl,REP21,N,,,,,5000,1,3,,,,,3,535602 70%/525630 30%,AM
2019170163,12,091052,1,,,New Life,Rockfish,,6182,,CHINOOK,Ad,in,20190731,2019,,,N,,,W,630,,F,,670,5.2,,,20191129,N,E,hsrf,,Y,,812,trawl,REP21,N,,,,,5000,1,3,,,,,25,505730,AM
2019170164,12,200135,1,,,Cape Kiwanda,Rockfish,,1235,,CHINOOK,NONE,in,20190927,2019,,,N,,,W,630,,F,,610,3.1,,,20191129,N,E,hsrf,,Y,,812,trawl,REP21,N,,,,,0000,1,3,,,,,26,505700 26%/515700 74%,AM
2019170165,12,183679,1,,,Pacific Star,Rockfish,,2781,,CHINOOK,Ad,in,20191019,2019,,,N,,,W,630,,F,,540,2.1,,,20191129,N,E,hsrf,,Y,,812,trawl,REP21,N,,,,,5000,1,3,,,,,28,515700,AM
2019170166,12,200137,1,,,Cape Kiwanda,Rockfish,,1235,,CHINOOK,Ad,in,20191006,2019,,,N,,,W,630,,F,,540,2,,,20191129,N,E,hsrf,,Y,,812,trawl,REP21,N,,,,,5000,1,3,,,,,27,515700 78%/515630 9%/525630 13%,AM
2019170167,12,091052,1,,,Evie Grace,Rockfish,,34939,,CHINOOK,Ad,in,20190527,2019,,,N,,,W,630,,M,,650,4.5,,,20191129,N,E,hsrf,,Y,,812,trawl,REP21,N,,,,,5000,1,3,,,,,17,505730 70%/495730 30%,AM
2019170168,12,091178,1,,,Arctic Wind,Rockfish,,5137,,CHINOOK,Ad,in,20190529,2019,,,N,,,W,630,,M,,520,1.5,,,20191129,N,E,hsrf,,Y,,812,trawl,REP21,N,,,,,5000,1,3,,,,,20,505800,AM
2019170169,12,091180,1,,,Arctic Wind,Rockfish,,5137,,CHINOOK,Ad,in,20190529,2019,,,N,,,W,630,,F,,500,1.2,,,20191129,N,E,hsrf,,Y,,812,trawl,REP21,N,,,,,5000,1,3,,,,,19,505800,AM
2019170170,12,211216,1,,,Gold Rush,Rockfish,,1868,,CHINOOK,Ad,in,20190526,2019,,,N,,,W,630,,F,,490,1.4,,,20191129,N,E,hsrf,,Y,,812,trawl,REP21,N,,,,,5000,1,3,,,,,11,505730,AM
2019170171,12,637194,1,,,Half Moon Bay,Rockfish,,249,,CHINOOK,NONE,in,20190526,2019,,,N,,,W,630,,M,,480,1.2,,,20191129,N,E,hsrf,,Y,,812,trawl,REP21,N,,,,,0000,1,3,,,,,12,505800,AM
2019170172,12,091143,1,,,Half Moon Bay,Rockfish,,249,,CHINOOK,Ad,in,20190526,2019,,,N,,,W,630,,F,,430,0.8,,,20191129,N,E,hsrf,,Y,,812,trawl,REP21,N,,,,,5000,1,3,,,,,13,505800,AM
2019170173,12,211139,1,,,Stella,Rockfish,,7079,,CHINOOK,Ad,in,20191106,2019,,,N,,,W,630,,M,,670,4.5,,,20191129,N,E,hsrf,,Y,,812,trawl,REP21,N,,,,,5000,1,3,,,,,34,495730,AM
2019170174,12,637175,1,,,Half Moon Bay,Rockfish,,249,,CHINOOK,NONE,in,20190526,2019,,,N,,,W,630,,F,,410,0.7,,,20191129,N,E,hsrf,,Y,,812,trawl,REP21,N,,,,,0000,1,3,,,,,14,505800,AM
2019170175,12,211168,1,,,Michelle Renee,Rockfish,,4131,,CHINOOK,Ad,in,20190603,2019,,,N,,,W,630,,F,,670,3.7,,,20191129,N,E,hsrf,,Y,,812,trawl,REP21,N,,,,,5000,1,3,,,,,24,495730 80%/505730 10%/505700 10%,AM
2019170176,12,211166,1,,,Michelle Renee,Rockfish,,4131,,CHINOOK,Ad,in,20190519,2019,,,N,,,W,630,,F,,630,3.2,,,20191129,N,E,hsrf,,Y,,812,trawl,REP21,N,,,,,5000,1,3,,,,,10,505730,AM
2019170177,12,211166,1,,,Sea Mac,Rockfish,,1043,,CHINOOK,Ad,in,20190518,2019,,,N,,,W,630,,M,,630,3,,,20191129,N,E,hsrf,,Y,,812,trawl,REP21,N,,,,,5000,1,3,,,,,8,,AM
2019170178,12,211166,1,,,Alaska Beauty,Rockfish,,2046,,CHINOOK,Ad,in,20190529,2019,,,N,,,W,630,,F,,590,2.2,,,20191129,N,E,hsrf,,Y,,812,trawl,REP21,N,,,,,5000,1,3,,,,,18,495730 54%/505730 46%,AM
2019170179,12,220391,1,,,Elizabeth F,Rockfish,,823,,CHINOOK,Ad,in,20190531,2019,,,N,,,W,630,,M,,450,1,,,20191129,N,E,hsrf,,Y,,812,trawl,REP21,N,,,,,5000,1,3,,,,,23,495730 60%/505730 40%,AM
2019170180,12,091180,1,,,Cape Kiwanda,Rockfish,,1235,,CHINOOK,Ad,in,20190531,2019,,,N,,,W,630,,M,,570,2,,,20191129,N,E,hsrf,,Y,,812,trawl,REP21,N,,,,,5000,1,3,,,,,22,515700,AM
2019170181,12,211217,1,,,Arctic Wind,Rockfish,,5137,,CHINOOK,NONE,in,20190529,2019,,,N,,,W,630,,F,,500,1.2,,,20191129,N,E,hsrf,,Y,,812,trawl,REP21,N,,,,,0000,1,3,,,,,21,505800,AM
2019170182,12,091113,1,,,Half Moon Bay,Rockfish,,249,,CHINOOK,Ad,in,20190526,2019,,,N,,,W,630,,M,,500,1.3,,,20191129,N,E,hsrf,,Y,,812,trawl,REP21,N,,,,,5000,1,3,,,,,16,505800,AM
2019170183,12,637192,1,,,Half Moon Bay,Rockfish,,249,,CHINOOK,Ad,in,20190526,2019,,,N,,,W,630,,F,,520,1.3,,,20191129,N,E,hsrf,,Y,,812,trawl,REP21,N,,,,,5000,1,3,,,,,15,505800,AM
2019170184,12,211216,1,,,Pacific Storm,Rockfish,,32645,,CHINOOK,Ad,in,20191110,2019,,,N,,,W,630,,M,,650,4,,,20191129,N,E,hsrf,,Y,,812,trawl,REP21,N,,,,,5000,1,3,,,,,37,495730,AM
2019170185,12,091002,1,,,Evie Grace,Rockfish,,34939,,CHINOOK,NONE,in,20191105,2019,,,N,,,W,630,,M,,590,2.7,,,20191129,N,E,hsrf,,Y,,812,trawl,REP21,N,,,,,0000,1,3,,,,,36,495800,AM
2019170186,12,637028,1,,,Michelle Renee,Rockfish,,4131,,CHINOOK,Ad,in,20190519,2019,,,N,,,W,630,,F,,610,3,,,20191129,N,E,hsrf,,Y,,812,trawl,REP21,N,,,,,5000,1,3,,,,,9,505730,AM
2019170187,12,091180,1,,,Half Moon Bay,Rockfish,,249,,CHINOOK,NONE,in,20190516,2019,,,N,,,W,630,,M,,470,1.2,,,20191129,N,E,hsrf,,Y,,812,trawl,REP21,N,,,,,0000,1,3,,,,,7,525600,AM
2019170188,12,091164,1,,,Evie Grace,Rockfish,,34939,,Chinook,Ad,in,20191103,2019,,,N,,,W,630,,M,,630,4.2,,,20191129,N,E,hsrf,,Y,,812,trawl,REP20,N,,,,,5000,1,3,,,,,33,,AM