"YEAR","season","rec.area","TARGET","PROCESSING_SECTOR","VESSEL_LENGTH_CATEGORY","catch_MT","obs_days","vessel_count"
1995,"winter","ALEUT","Non-Pollock","CP",">= 125 ft LOA",45911,190.05,66
1995,"winter","ALEUT","Non-Pollock","M","<125 ft LOA",846.5,16.611,5
1995,"winter","ALEUT","Non-Pollock","S",">= 125 ft LOA",7716.2,40.099,18
1995,"winter","ALEUT","Non-Pollock","S","Unknown",1498.2,9.295,4
1995,"winter","ALEUT","Pollock","CP",">= 125 ft LOA",13063.4,58.373,52
1995,"winter","APEN","","CP",">= 125 ft LOA",152.4,7.346,7
1995,"winter","APEN","","S","<125 ft LOA",1998.9,18.315,17
1995,"winter","APEN","","S","Unknown",657.3,3.621,5
1995,"winter","APEN","Non-Pollock","CP",">= 125 ft LOA",1404.6,20.931,12
1995,"winter","BER","Non-Pollock","CP","<125 ft LOA",4018.2,122.483,43
1995,"winter","BER","Non-Pollock","CP",">= 125 ft LOA",40389.3,389.405,133
1995,"winter","BER","Non-Pollock","CP","Unknown",848.6,20.791,8
1995,"winter","BER","Non-Pollock","M","<125 ft LOA",2036.4,51.703,22
1995,"winter","BER","Non-Pollock","M",">= 125 ft LOA",815.7,20.77,12
1995,"winter","BER","Non-Pollock","S","<125 ft LOA",32699.2,245.399,171
1995,"winter","BER","Non-Pollock","S",">= 125 ft LOA",85474.2,346.904,145
1995,"winter","BER","Non-Pollock","S","Unknown",28527.7,139.913,78
1995,"winter","BER","Pollock","CP","<125 ft LOA",11123.7,74.608,43
1995,"winter","BER","Pollock","CP",">= 125 ft LOA",176371.8,547.078,185
1995,"winter","BER","Pollock","M","<125 ft LOA",27020.5,282.41,58
1995,"winter","BER","Pollock","M",">= 125 ft LOA",2059.1,14.864,18
1995,"winter","KOD","","S","<125 ft LOA",1422.1,18.953,24
1995,"winter","KOD","","S",">= 125 ft LOA",836.2,2.755,5
1995,"winter","KOD","Non-Pollock","CP","<125 ft LOA",59.2,2.514,5
1995,"winter","KOD","Non-Pollock","CP",">= 125 ft LOA",3432.8,34.444,9
1995,"winter","PWS","","S","<125 ft LOA",4882.1,77.787,65
1995,"winter","PWS","","S","Unknown",259.7,8.624,4
1995,"winter","PWS","Non-Pollock","CP",">= 125 ft LOA",112,2.202,5
1995,"winter","PWS.IN","","S","<125 ft LOA",355,1.197,4
1996,"fall","ALEUT","Non-Pollock","CP",">= 125 ft LOA",9316.6,41.599,23
1996,"fall","APEN","","S","<125 ft LOA",1943.1,12.497,9
1996,"fall","APEN","","S",">= 125 ft LOA",1646.4,6.504,7
1996,"fall","APEN","Non-Pollock","CP","<125 ft LOA",234.9,7.51,4
1996,"fall","APEN","Non-Pollock","CP",">= 125 ft LOA",526.3,8.484,6
1996,"fall","BER","Non-Pollock","CP","<125 ft LOA",4288.9,87.618,31
1996,"fall","BER","Non-Pollock","CP",">= 125 ft LOA",39871.6,516.805,154
1996,"fall","BER","Non-Pollock","CP","Unknown",1679.2,24.871,15
1996,"fall","BER","Non-Pollock","M","<125 ft LOA",0,3.211,5
1996,"fall","BER","Non-Pollock","S","<125 ft LOA",30683,267.638,173
1996,"fall","BER","Non-Pollock","S",">= 125 ft LOA",88552.3,412.875,91
1996,"fall","BER","Non-Pollock","S","Unknown",23397.7,141.3,47
1996,"fall","BER","Pollock","CP","<125 ft LOA",11961.3,109.975,47
1996,"fall","BER","Pollock","CP",">= 125 ft LOA",184963.5,803.19,207
1996,"fall","BER","Pollock","M","<125 ft LOA",53234.8,643.39,63
1996,"fall","BER","Pollock","M",">= 125 ft LOA",1662.8,20.648,10
1996,"fall","KOD","","S","<125 ft LOA",2006.3,32.468,34
1996,"fall","KOD","Non-Pollock","CP","<125 ft LOA",584.7,15.772,5
1996,"fall","KOD","Non-Pollock","CP",">= 125 ft LOA",1351.5,18.188,5
1996,"fall","PWS","","S","<125 ft LOA",1845,31.098,33
1996,"spring","ALEUT","Non-Pollock","CP",">= 125 ft LOA",21164.5,109.052,30
1996,"spring","BER","Non-Pollock","CP","<125 ft LOA",1669.3,41.67,17
1996,"spring","BER","Non-Pollock","CP",">= 125 ft LOA",36207.4,268.9,82
1996,"spring","BER","Non-Pollock","CP","Unknown",1293.5,28.318,8
1996,"spring","BER","Non-Pollock","M","<125 ft LOA",1013.6,18.972,8
1996,"spring","BER","Non-Pollock","M",">= 125 ft LOA",1306.7,36.729,11
1996,"spring","BER","Non-Pollock","S","<125 ft LOA",8444.8,182.543,107
1996,"spring","BER","Non-Pollock","S",">= 125 ft LOA",7778.3,124.862,43
1996,"spring","BER","Non-Pollock","S","Unknown",2746.3,62.832,33
1996,"spring","KOD","Non-Pollock","CP","<125 ft LOA",428.4,16.25,4
1996,"spring","KOD","Non-Pollock","CP",">= 125 ft LOA",887.3,27.595,7
1996,"spring","PWS","","S","<125 ft LOA",279.9,13.637,17
1996,"spring","PWS","","S","Unknown",248.6,8.65,5
1996,"spring","PWS","Non-Pollock","CP",">= 125 ft LOA",1960.3,30.865,8
1996,"summer","ALEUT","Non-Pollock","CP",">= 125 ft LOA",13505.1,48.149,24
1996,"summer","APEN","","S","<125 ft LOA",745.4,4.315,12
1996,"summer","APEN","","S",">= 125 ft LOA",434,3.017,8
1996,"summer","APEN","","S","Unknown",215.7,1.399,5
1996,"summer","APEN","Non-Pollock","CP",">= 125 ft LOA",1505.1,8.731,10
1996,"summer","BER","Non-Pollock","CP","<125 ft LOA",615,13.615,7
1996,"summer","BER","Non-Pollock","CP",">= 125 ft LOA",14888,184.315,51
1996,"summer","BER","Non-Pollock","CP","Unknown",924.2,11.091,4
1996,"summer","BER","Pollock","CP",">= 125 ft LOA",10781.4,25.658,5
1996,"summer","KOD","","S","<125 ft LOA",780,10.986,13
1996,"summer","PWS","","S","<125 ft LOA",2488,37.45,34
1996,"summer","PWS","","S","Unknown",496.8,9.632,4
1996,"summer","PWS","Non-Pollock","CP",">= 125 ft LOA",3878.5,41.749,8
1996,"summer","YAK","","S","<125 ft LOA",73.4,3.306,4
1996,"winter","ALEUT","Non-Pollock","CP","<125 ft LOA",2774.1,16.124,12
1996,"winter","ALEUT","Non-Pollock","CP",">= 125 ft LOA",46782.9,195.772,73
1996,"winter","ALEUT","Non-Pollock","M",">= 125 ft LOA",1193.9,11.981,7
1996,"winter","ALEUT","Non-Pollock","S",">= 125 ft LOA",2.4,2.507,4
1996,"winter","ALEUT","Pollock","CP",">= 125 ft LOA",11512,59.362,37
1996,"winter","ALEUT","Pollock","M",">= 125 ft LOA",361.2,5.955,4
1996,"winter","ALEUT","Pollock","S",">= 125 ft LOA",5745.6,34.275,22
1996,"winter","ALEUT","Pollock","S","Unknown",1112.2,12.216,7
1996,"winter","APEN","Non-Pollock","CP","<125 ft LOA",244.1,9.095,4
1996,"winter","APEN","Non-Pollock","CP",">= 125 ft LOA",1215.3,23.841,10
1996,"winter","APEN","Non-Pollock","S","<125 ft LOA",1497.5,14.012,18
1996,"winter","APEN","Non-Pollock","S",">= 125 ft LOA",934.4,5.401,7
1996,"winter","APEN","Pollock","S","<125 ft LOA",496.8,1.425,5
1996,"winter","BER","Non-Pollock","CP","<125 ft LOA",3654.8,116.939,35
1996,"winter","BER","Non-Pollock","CP",">= 125 ft LOA",44239.9,405.889,122
1996,"winter","BER","Non-Pollock","CP","Unknown",1009.3,15.201,4
1996,"winter","BER","Non-Pollock","M","<125 ft LOA",890.6,27.814,11
1996,"winter","BER","Non-Pollock","M",">= 125 ft LOA",273.8,3.628,5
1996,"winter","BER","Non-Pollock","S","<125 ft LOA",10816.7,128.931,98
1996,"winter","BER","Non-Pollock","S",">= 125 ft LOA",17868.6,142.369,58
1996,"winter","BER","Non-Pollock","S","Unknown",4377.5,54.054,42
1996,"winter","BER","Pollock","CP","<125 ft LOA",10788.2,55.798,26
1996,"winter","BER","Pollock","CP",">= 125 ft LOA",172620.9,370.86,136
1996,"winter","BER","Pollock","M","<125 ft LOA",27293,198.958,26
1996,"winter","BER","Pollock","M",">= 125 ft LOA",866.2,8.237,10
1996,"winter","BER","Pollock","S","<125 ft LOA",18255.1,71.389,67
1996,"winter","BER","Pollock","S",">= 125 ft LOA",71789.4,165.98,99
1996,"winter","BER","Pollock","S","Unknown",20781.4,60.347,43
1996,"winter","KOD","","S","<125 ft LOA",7.9,4.791,4
1996,"winter","KOD","Non-Pollock","CP",">= 125 ft LOA",487.8,14.319,7
1996,"winter","KOD","Non-Pollock","S","<125 ft LOA",436.1,9.007,15
1996,"winter","KOD","Non-Pollock","S","Unknown",115.1,1.728,4
1996,"winter","KOD","Pollock","S","<125 ft LOA",1786.9,26.838,24
1996,"winter","PWS","","S","<125 ft LOA",127.2,12.367,13
1996,"winter","PWS","Non-Pollock","S","<125 ft LOA",2854.7,81.884,54
1996,"winter","PWS","Non-Pollock","S","Unknown",453.3,11.15,7
1996,"winter","PWS","Pollock","S","<125 ft LOA",1612.2,15.712,22
1997,"fall","APEN","Pollock","S","<125 ft LOA",1021.9,9.198,6
1997,"fall","APEN","Pollock","S",">= 125 ft LOA",4985.8,12.755,11
1997,"fall","APEN","Pollock","S","Unknown",1897.9,7.78,6
1997,"fall","BER","Non-Pollock","CP","<125 ft LOA",6609.5,123.072,28
1997,"fall","BER","Non-Pollock","CP",">= 125 ft LOA",58608.7,727.039,102
1997,"fall","BER","Non-Pollock","CP","Unknown",1468.2,20.608,5
1997,"fall","BER","Non-Pollock","S","<125 ft LOA",1,10.419,7
1997,"fall","BER","Pollock","CP","<125 ft LOA",10848.9,61.99,38
1997,"fall","BER","Pollock","CP",">= 125 ft LOA",189498.3,518.552,167
1997,"fall","BER","Pollock","M","<125 ft LOA",39738.8,359.503,27
1997,"fall","BER","Pollock","S","<125 ft LOA",21126.6,220.721,140
1997,"fall","BER","Pollock","S",">= 125 ft LOA",78848.6,515.507,121
1997,"fall","BER","Pollock","S","Unknown",19128,163.066,54
1997,"fall","KOD","Non-Pollock","CP","<125 ft LOA",527.5,15.688,4
1997,"fall","KOD","Non-Pollock","S","<125 ft LOA",93.1,3.464,5
1997,"fall","KOD","Pollock","S","<125 ft LOA",2303.6,23.224,20
1997,"fall","PWS","Non-Pollock","CP","<125 ft LOA",53.2,3.094,4
1997,"fall","PWS","Non-Pollock","S","<125 ft LOA",1366.7,34.288,23
1997,"fall","PWS","Pollock","S","<125 ft LOA",2787.6,15.723,15
1997,"spring","ALEUT","Non-Pollock","CP",">= 125 ft LOA",14554.6,61.428,19
1997,"spring","APEN","Non-Pollock","CP",">= 125 ft LOA",195.8,4.423,5
1997,"spring","BER","Non-Pollock","CP","<125 ft LOA",2345,47.1,23
1997,"spring","BER","Non-Pollock","CP",">= 125 ft LOA",29638.4,356.437,112
1997,"spring","BER","Non-Pollock","S","<125 ft LOA",7275.3,123.719,70
1997,"spring","BER","Non-Pollock","S",">= 125 ft LOA",11471.6,106.476,37
1997,"spring","BER","Non-Pollock","S","Unknown",4018.5,73.043,36
1997,"spring","KOD","Non-Pollock","CP",">= 125 ft LOA",836.2,15.296,6
1997,"spring","KOD","Non-Pollock","S","<125 ft LOA",212,7.862,6
1997,"spring","PWS","Non-Pollock","S","<125 ft LOA",819.5,32.048,30
1997,"spring","PWS","Non-Pollock","S","Unknown",189.5,3.399,4
1997,"summer","APEN","Non-Pollock","CP",">= 125 ft LOA",1200.2,6.758,8
1997,"summer","APEN","Pollock","S","Unknown",879.9,1.684,4
1997,"summer","BER","Non-Pollock","CP","<125 ft LOA",1114.7,16.282,8
1997,"summer","BER","Non-Pollock","CP",">= 125 ft LOA",20803.7,249.37,63
1997,"summer","BER","Pollock","CP",">= 125 ft LOA",544.8,1.229,4
1997,"summer","KOD","Non-Pollock","CP",">= 125 ft LOA",2008.7,16.537,10
1997,"summer","KOD","Non-Pollock","S","<125 ft LOA",314.4,6.799,7
1997,"summer","KOD","Pollock","S","<125 ft LOA",1992.3,9.849,15
1997,"summer","PWS","Non-Pollock","CP",">= 125 ft LOA",3794.4,38.149,13
1997,"summer","PWS","Non-Pollock","S","<125 ft LOA",1349.7,25.404,24
1997,"summer","PWS","Pollock","S","<125 ft LOA",1411.6,14.565,21
1997,"winter","ALEUT","Non-Pollock","CP","<125 ft LOA",2401.5,24.604,12
1997,"winter","ALEUT","Non-Pollock","CP",">= 125 ft LOA",34456.3,154.924,70
1997,"winter","ALEUT","Non-Pollock","M","<125 ft LOA",1081.3,12.909,6
1997,"winter","ALEUT","Pollock","CP",">= 125 ft LOA",11877.7,21.765,10
1997,"winter","ALEUT","Pollock","S",">= 125 ft LOA",4776.2,18.824,11
1997,"winter","ALEUT","Pollock","S","Unknown",933.7,3.819,4
1997,"winter","APEN","Non-Pollock","S","<125 ft LOA",1065,13.12,14
1997,"winter","APEN","Pollock","S","<125 ft LOA",589.8,2.444,4
1997,"winter","BER","Non-Pollock","CP","<125 ft LOA",4730.4,86.814,33
1997,"winter","BER","Non-Pollock","CP",">= 125 ft LOA",46925.3,593.189,154
1997,"winter","BER","Non-Pollock","CP","Unknown",725.7,6.07,7
1997,"winter","BER","Non-Pollock","M","<125 ft LOA",606.2,15.389,8
1997,"winter","BER","Non-Pollock","S","<125 ft LOA",5888.7,96.015,62
1997,"winter","BER","Non-Pollock","S",">= 125 ft LOA",6389.8,102.076,34
1997,"winter","BER","Non-Pollock","S","Unknown",1615.6,36.451,27
1997,"winter","BER","Pollock","CP","<125 ft LOA",5090.2,17.213,35
1997,"winter","BER","Pollock","CP",">= 125 ft LOA",137881.2,299.455,131
1997,"winter","BER","Pollock","M","<125 ft LOA",25272.5,96.203,22
1997,"winter","BER","Pollock","M",">= 125 ft LOA",753.9,2.757,12
1997,"winter","BER","Pollock","S","<125 ft LOA",18208.8,37.811,48
1997,"winter","BER","Pollock","S",">= 125 ft LOA",85145.4,135.942,96
1997,"winter","BER","Pollock","S","Unknown",21580.8,50.494,40
1997,"winter","KOD","Non-Pollock","CP","<125 ft LOA",466.7,11.714,4
1997,"winter","KOD","Non-Pollock","S","<125 ft LOA",383.6,7.979,14
1997,"winter","KOD","Pollock","S","<125 ft LOA",3147.8,24.525,35
1997,"winter","PWS","Non-Pollock","S","<125 ft LOA",2938.2,78.832,69
1997,"winter","PWS","Non-Pollock","S","Unknown",378.4,7.025,8
1997,"winter","PWS","Pollock","S","<125 ft LOA",1335.2,6.474,19
1998,"fall","ALEUT","Non-Pollock","CP",">= 125 ft LOA",7343.9,40.609,7
1998,"fall","APEN","Pollock","S","<125 ft LOA",748,5.003,8
1998,"fall","APEN","Pollock","S",">= 125 ft LOA",2504.1,9.042,11
1998,"fall","APEN","Pollock","S","Unknown",1317.6,2.848,5
1998,"fall","BER","Non-Pollock","CP","<125 ft LOA",6012.1,116.145,52
1998,"fall","BER","Non-Pollock","CP",">= 125 ft LOA",41109.9,520.599,106
1998,"fall","BER","Non-Pollock","S","<125 ft LOA",141.6,3.549,9
1998,"fall","BER","Pollock","CP","<125 ft LOA",10133.7,123.528,56
1998,"fall","BER","Pollock","CP",">= 125 ft LOA",207174.9,903.344,253
1998,"fall","BER","Pollock","M","<125 ft LOA",33692.9,418.204,33
1998,"fall","BER","Pollock","S","<125 ft LOA",18300.5,193.111,114
1998,"fall","BER","Pollock","S",">= 125 ft LOA",92350.1,601.806,148
1998,"fall","BER","Pollock","S","Unknown",21398.4,192.602,68
1998,"fall","KOD","Pollock","S","<125 ft LOA",4116.2,56.344,49
1998,"fall","KOD","Pollock","S","Unknown",2066,15.866,9
1998,"fall","PWS","Non-Pollock","CP",">= 125 ft LOA",515.4,4.649,4
1998,"fall","PWS","Non-Pollock","S","<125 ft LOA",662.7,11.545,20
1998,"fall","PWS","Pollock","S","<125 ft LOA",2584.6,20.942,28
1998,"spring","ALEUT","Non-Pollock","CP",">= 125 ft LOA",4312.1,21.976,13
1998,"spring","BER","Non-Pollock","CP","<125 ft LOA",957.3,21.755,10
1998,"spring","BER","Non-Pollock","CP",">= 125 ft LOA",18363.3,307.085,67
1998,"spring","BER","Non-Pollock","CP","Unknown",774.4,18.716,6
1998,"spring","BER","Non-Pollock","S","<125 ft LOA",1559.3,62.688,59
1998,"spring","BER","Non-Pollock","S",">= 125 ft LOA",1284.5,42.694,21
1998,"spring","BER","Non-Pollock","S","Unknown",1021.3,31.442,27
1998,"spring","KOD","Non-Pollock","CP","<125 ft LOA",148.2,6.58,5
1998,"spring","KOD","Non-Pollock","CP",">= 125 ft LOA",440.5,10.623,6
1998,"spring","PWS","Non-Pollock","CP","<125 ft LOA",381.2,10.68,5
1998,"spring","PWS","Non-Pollock","S","<125 ft LOA",577.5,23.506,22
1998,"spring","PWS","Non-Pollock","S","Unknown",220.5,5.72,4
1998,"summer","ALEUT","Non-Pollock","CP",">= 125 ft LOA",9111,31.326,19
1998,"summer","APEN","Non-Pollock","CP",">= 125 ft LOA",1005.8,6.812,7
1998,"summer","APEN","Pollock","S","<125 ft LOA",881.3,3.323,4
1998,"summer","APEN","Pollock","S",">= 125 ft LOA",4609.6,17.778,8
1998,"summer","BER","Non-Pollock","CP",">= 125 ft LOA",12199.2,185.332,37
1998,"summer","BER","Pollock","CP",">= 125 ft LOA",2498.9,10.948,10
1998,"summer","KOD","Non-Pollock","CP",">= 125 ft LOA",525.1,5.427,4
1998,"summer","KOD","Non-Pollock","S","<125 ft LOA",318.2,8.826,7
1998,"summer","KOD","Pollock","S","<125 ft LOA",2372.4,27.618,24
1998,"summer","PWS","Non-Pollock","CP",">= 125 ft LOA",7114.1,51.648,7
1998,"summer","PWS","Non-Pollock","S","<125 ft LOA",1818.4,26.344,26
1998,"summer","PWS","Pollock","S","<125 ft LOA",3710.4,39.333,34
1998,"summer","PWS","Pollock","S","Unknown",1065.3,7.333,5
1998,"winter","ALEUT","Non-Pollock","CP","<125 ft LOA",2893,13.33,6
1998,"winter","ALEUT","Non-Pollock","CP",">= 125 ft LOA",27671.7,110.328,45
1998,"winter","ALEUT","Non-Pollock","M","<125 ft LOA",1432.8,7.552,4
1998,"winter","ALEUT","Non-Pollock","S",">= 125 ft LOA",1022.2,6.009,5
1998,"winter","APEN","Non-Pollock","CP","<125 ft LOA",461.5,17.266,6
1998,"winter","APEN","Non-Pollock","CP",">= 125 ft LOA",43.5,1.445,6
1998,"winter","APEN","Non-Pollock","S","<125 ft LOA",533.4,9.566,8
1998,"winter","BER","Non-Pollock","CP","<125 ft LOA",2756.8,57.084,29
1998,"winter","BER","Non-Pollock","CP",">= 125 ft LOA",51180.6,493.055,137
1998,"winter","BER","Non-Pollock","CP","Unknown",1715.6,31.26,10
1998,"winter","BER","Non-Pollock","M",">= 125 ft LOA",283.9,2.799,4
1998,"winter","BER","Non-Pollock","S","<125 ft LOA",5543.7,105.515,72
1998,"winter","BER","Non-Pollock","S",">= 125 ft LOA",8133.9,104.604,32
1998,"winter","BER","Non-Pollock","S","Unknown",2560.1,57.504,37
1998,"winter","BER","Pollock","CP","<125 ft LOA",7096.9,11.709,18
1998,"winter","BER","Pollock","CP",">= 125 ft LOA",151598.3,282.837,119
1998,"winter","BER","Pollock","M","<125 ft LOA",33519,113.942,12
1998,"winter","BER","Pollock","M",">= 125 ft LOA",796.8,5.486,5
1998,"winter","BER","Pollock","S","<125 ft LOA",18099.3,41.887,61
1998,"winter","BER","Pollock","S",">= 125 ft LOA",80688.8,124.533,107
1998,"winter","BER","Pollock","S","Unknown",17112.8,34.838,32
1998,"winter","KOD","Non-Pollock","S","<125 ft LOA",317.4,7.31,8
1998,"winter","KOD","Pollock","S","<125 ft LOA",2841.2,24.373,22
1998,"winter","PWS","Non-Pollock","S","<125 ft LOA",2745.8,65.894,53
1998,"winter","PWS","Non-Pollock","S","Unknown",474.2,8.483,6
1998,"winter","PWS","Pollock","S","<125 ft LOA",2308.7,10.533,18
1999,"fall","ALEUT","Non-Pollock","CP",">= 125 ft LOA",18853.1,65.275,29
1999,"fall","ALEUT","Non-Pollock","CP","Unknown",1405.8,9.795,5
1999,"fall","APEN","Non-Pollock","CP","<125 ft LOA",541.2,15.858,5
1999,"fall","APEN","Non-Pollock","CP",">= 125 ft LOA",388.6,1.597,4
1999,"fall","APEN","Pollock","S","<125 ft LOA",1177.8,5.285,4
1999,"fall","APEN","Pollock","S",">= 125 ft LOA",805.7,2.764,12
1999,"fall","APEN","Pollock","S","Unknown",466.2,1.069,5
1999,"fall","BER","Non-Pollock","CP","<125 ft LOA",3458.7,91.026,40
1999,"fall","BER","Non-Pollock","CP",">= 125 ft LOA",21161,323.244,93
1999,"fall","BER","Non-Pollock","CP","Unknown",908.4,30.387,14
1999,"fall","BER","Non-Pollock","S","<125 ft LOA",56,3.52,7
1999,"fall","BER","Pollock","CP",">= 125 ft LOA",208756,443.441,118
1999,"fall","BER","Pollock","M","<125 ft LOA",41894.8,291.249,14
1999,"fall","BER","Pollock","S","<125 ft LOA",31918.5,162.887,93
1999,"fall","BER","Pollock","S",">= 125 ft LOA",117830,450.767,128
1999,"fall","BER","Pollock","S","Unknown",27170.4,133.457,49
1999,"fall","KOD","Non-Pollock","CP",">= 125 ft LOA",664.7,3.379,5
1999,"fall","KOD","Pollock","S","<125 ft LOA",2876.3,37.774,40
1999,"fall","KOD","Pollock","S",">= 125 ft LOA",1259.7,11.993,12
1999,"fall","KOD","Pollock","S","Unknown",1047.9,6.964,7
1999,"fall","PWS","Non-Pollock","CP",">= 125 ft LOA",2922.1,23.911,10
1999,"fall","PWS","Non-Pollock","S","<125 ft LOA",535.4,9.434,11
1999,"fall","PWS","Pollock","S","<125 ft LOA",1798.5,14.271,20
1999,"spring","ALEUT","Non-Pollock","CP",">= 125 ft LOA",2593.8,8.597,11
1999,"spring","BER","Non-Pollock","CP","<125 ft LOA",2277.1,37.6,27
1999,"spring","BER","Non-Pollock","CP",">= 125 ft LOA",29708.3,242.754,85
1999,"spring","BER","Non-Pollock","CP","Unknown",1971.5,31.089,9
1999,"spring","BER","Non-Pollock","M",">= 125 ft LOA",662.4,7.684,4
1999,"spring","BER","Non-Pollock","S","<125 ft LOA",916.9,27.22,29
1999,"spring","BER","Non-Pollock","S",">= 125 ft LOA",1342.5,25.921,12
1999,"spring","BER","Non-Pollock","S","Unknown",549.4,12.69,17
1999,"spring","BER","Pollock","CP",">= 125 ft LOA",926.3,6.303,8
1999,"spring","KOD","Non-Pollock","CP",">= 125 ft LOA",1029.8,39.416,4
1999,"spring","PWS","Non-Pollock","S","<125 ft LOA",359.8,5.672,13
1999,"summer","ALEUT","Non-Pollock","CP",">= 125 ft LOA",10982.1,34.054,17
1999,"summer","APEN","Pollock","S","<125 ft LOA",503.5,5.808,6
1999,"summer","BER","Non-Pollock","CP",">= 125 ft LOA",6456.4,108.916,36
1999,"summer","BER","Non-Pollock","CP","Unknown",1306.7,14.477,6
1999,"summer","BER","Pollock","CP",">= 125 ft LOA",9184.5,9.333,14
1999,"summer","BER","Pollock","S",">= 125 ft LOA",2396.7,5.132,6
1999,"summer","KOD","Pollock","S","<125 ft LOA",1681.4,18.158,24
1999,"summer","KOD","Pollock","S","Unknown",519.6,4.186,4
1999,"summer","PWS","Non-Pollock","CP",">= 125 ft LOA",1906.3,14.587,6
1999,"summer","PWS","Non-Pollock","S","<125 ft LOA",1605.4,16.021,22
1999,"summer","PWS","Non-Pollock","S","Unknown",156.4,3.137,5
1999,"summer","PWS","Pollock","S","<125 ft LOA",1461.6,15.416,16
1999,"summer","PWS","Pollock","S","Unknown",58.4,1.663,4
1999,"winter","ALEUT","Non-Pollock","CP",">= 125 ft LOA",29340.3,104.816,43
1999,"winter","ALEUT","Non-Pollock","S","<125 ft LOA",1207.2,9.844,12
1999,"winter","ALEUT","Non-Pollock","S",">= 125 ft LOA",3217.4,24.514,20
1999,"winter","APEN","Non-Pollock","CP","<125 ft LOA",705,22.775,4
1999,"winter","APEN","Non-Pollock","S","<125 ft LOA",351.8,6.061,5
1999,"winter","APEN","Pollock","S","<125 ft LOA",936.7,7.072,9
1999,"winter","BER","Non-Pollock","CP","<125 ft LOA",4256.9,69.57,21
1999,"winter","BER","Non-Pollock","CP",">= 125 ft LOA",37119.7,392.475,82
1999,"winter","BER","Non-Pollock","S","<125 ft LOA",6426.1,144.33,98
1999,"winter","BER","Non-Pollock","S",">= 125 ft LOA",2388.7,42.353,45
1999,"winter","BER","Pollock","CP",">= 125 ft LOA",180753.7,370.35,177
1999,"winter","BER","Pollock","M","<125 ft LOA",37878.7,114.686,19
1999,"winter","BER","Pollock","M","Unknown",1022.2,3.77,5
1999,"winter","BER","Pollock","S","<125 ft LOA",27422.8,44.217,79
1999,"winter","BER","Pollock","S",">= 125 ft LOA",102978.8,111.192,133
1999,"winter","KOD","Non-Pollock","S","<125 ft LOA",331.5,7.545,10
1999,"winter","KOD","Pollock","S","<125 ft LOA",2663.8,18.558,26
1999,"winter","PWS","Non-Pollock","S","<125 ft LOA",1574.5,31.506,57
1999,"winter","PWS","Pollock","S","<125 ft LOA",5865.1,52.017,40
2000,"fall","ALEUT","Non-Pollock","CP",">= 125 ft LOA",9979.9,62.794,19
2000,"fall","APEN","Pollock","S","<125 ft LOA",1817.5,12.2,9
2000,"fall","BER","Non-Pollock","CP","<125 ft LOA",4657.6,112.01,30
2000,"fall","BER","Non-Pollock","CP",">= 125 ft LOA",32538.2,600.531,114
2000,"fall","BER","Non-Pollock","S","<125 ft LOA",0,9.267,5
2000,"fall","BER","Pollock","CP","<125 ft LOA",88.7,3.619,8
2000,"fall","BER","Pollock","CP",">= 125 ft LOA",237952.2,490.432,114
2000,"fall","BER","Pollock","M","<125 ft LOA",64286.3,212.827,12
2000,"fall","BER","Pollock","S","<125 ft LOA",37492.4,223.966,126
2000,"fall","BER","Pollock","S",">= 125 ft LOA",142170.5,589.271,185
2000,"fall","KOD","Non-Pollock","S","<125 ft LOA",194.6,3.949,4
2000,"fall","PWS","Non-Pollock","S","<125 ft LOA",238.5,6.539,13
2000,"fall","PWS","Pollock","S","<125 ft LOA",2946,42.247,35
2000,"spring","ALEUT","Non-Pollock","CP",">= 125 ft LOA",5111.2,15.238,10
2000,"spring","ALEUT","Non-Pollock","S","<125 ft LOA",62.8,1.781,4
2000,"spring","ALEUT","Non-Pollock","S",">= 125 ft LOA",38.6,0.63,4
2000,"spring","APEN","Non-Pollock","CP","<125 ft LOA",161.1,6.633,4
2000,"spring","APEN","Non-Pollock","CP",">= 125 ft LOA",685.2,15.544,8
2000,"spring","BER","Non-Pollock","CP","<125 ft LOA",1329.5,27.031,14
2000,"spring","BER","Non-Pollock","CP",">= 125 ft LOA",34406.8,369.156,103
2000,"spring","BER","Non-Pollock","S","<125 ft LOA",3871,90.679,68
2000,"spring","BER","Non-Pollock","S",">= 125 ft LOA",2480.1,46.492,21
2000,"spring","BER","Pollock","CP",">= 125 ft LOA",2356.5,9.793,19
2000,"spring","KOD","Non-Pollock","CP","<125 ft LOA",333.1,10.546,5
2000,"spring","KOD","Non-Pollock","CP",">= 125 ft LOA",774,21.733,5
2000,"spring","PWS","Non-Pollock","CP",">= 125 ft LOA",1294.3,21.112,4
2000,"spring","PWS","Non-Pollock","S","<125 ft LOA",1502.7,46.609,31
2000,"summer","ALEUT","Non-Pollock","CP",">= 125 ft LOA",6657.5,21.24,20
2000,"summer","APEN","Non-Pollock","CP",">= 125 ft LOA",2588.3,17.047,7
2000,"summer","BER","Non-Pollock","CP","<125 ft LOA",294.3,5.672,4
2000,"summer","BER","Non-Pollock","CP",">= 125 ft LOA",11299.1,171.755,45
2000,"summer","BER","Pollock","CP",">= 125 ft LOA",35572.5,60.562,24
2000,"summer","BER","Pollock","S","<125 ft LOA",5266.8,20.63,23
2000,"summer","BER","Pollock","S",">= 125 ft LOA",16813.1,61.24,33
2000,"summer","PWS","Non-Pollock","CP",">= 125 ft LOA",4502.5,35.069,5
2000,"summer","PWS","Non-Pollock","S","<125 ft LOA",3807.1,42.717,29
2000,"winter","ALEUT","Non-Pollock","CP","<125 ft LOA",1495.1,15.077,5
2000,"winter","ALEUT","Non-Pollock","CP",">= 125 ft LOA",29954.2,120.087,56
2000,"winter","ALEUT","Non-Pollock","S","<125 ft LOA",1013.7,9.919,11
2000,"winter","ALEUT","Non-Pollock","S",">= 125 ft LOA",1703.9,15.839,11
2000,"winter","APEN","Non-Pollock","S","<125 ft LOA",284.8,7.218,7
2000,"winter","APEN","Pollock","S","<125 ft LOA",948.8,2.36,10
2000,"winter","BER","Non-Pollock","CP","<125 ft LOA",2531.5,76.018,25
2000,"winter","BER","Non-Pollock","CP",">= 125 ft LOA",23691.7,456.201,104
2000,"winter","BER","Non-Pollock","S","<125 ft LOA",2791.9,78.925,57
2000,"winter","BER","Pollock","CP",">= 125 ft LOA",197929.7,452.192,204
2000,"winter","BER","Pollock","M","<125 ft LOA",54327.8,181.758,24
2000,"winter","BER","Pollock","M","Unknown",2265.5,6.651,4
2000,"winter","BER","Pollock","S","<125 ft LOA",40512.9,120.204,153
2000,"winter","BER","Pollock","S",">= 125 ft LOA",124146.1,249.769,225
2000,"winter","KOD","Non-Pollock","S","<125 ft LOA",229.7,4.268,9
2000,"winter","KOD","Pollock","S","<125 ft LOA",3112.9,36.649,33
2000,"winter","PWS","Non-Pollock","S","<125 ft LOA",1279.2,43.903,51
2000,"winter","PWS","Pollock","S","<125 ft LOA",2676.9,44.361,36
2001,"fall","ALEUT","Non-Pollock","CP",">= 125 ft LOA",22657.1,68.832,32
2001,"fall","APEN","Pollock","S","<125 ft LOA",1658.2,8.027,10
2001,"fall","BER","Non-Pollock","CP","<125 ft LOA",4304.3,99.897,29
2001,"fall","BER","Non-Pollock","CP",">= 125 ft LOA",33301,578.243,108
2001,"fall","BER","Non-Pollock","S","<125 ft LOA",615.2,24.247,26
2001,"fall","BER","Pollock","CP","<125 ft LOA",120,2.601,5
2001,"fall","BER","Pollock","CP",">= 125 ft LOA",224111.5,465.257,161
2001,"fall","BER","Pollock","M","<125 ft LOA",64797.6,240.85,22
2001,"fall","BER","Pollock","S","<125 ft LOA",34797.3,122.005,114
2001,"fall","BER","Pollock","S",">= 125 ft LOA",158728.2,343.355,129
2001,"fall","KOD","Non-Pollock","S","<125 ft LOA",332.9,4.156,7
2001,"fall","KOD","Pollock","S","<125 ft LOA",974.8,9.595,16
2001,"fall","PWS","","S","<125 ft LOA",0,0.686,5
2001,"fall","PWS","Non-Pollock","S","<125 ft LOA",1668,31.566,48
2001,"fall","PWS","Pollock","S","<125 ft LOA",1816.9,31.46,43
2001,"spring","ALEUT","Non-Pollock","CP",">= 125 ft LOA",3413.1,11.139,6
2001,"spring","ALEUT","Non-Pollock","S","<125 ft LOA",0.6,0.552,4
2001,"spring","APEN","Non-Pollock","CP",">= 125 ft LOA",2495.5,24.726,8
2001,"spring","BER","Non-Pollock","CP","<125 ft LOA",501.2,12.071,8
2001,"spring","BER","Non-Pollock","CP",">= 125 ft LOA",18372.8,246.67,66
2001,"spring","BER","Non-Pollock","S","<125 ft LOA",2014.1,78.33,57
2001,"spring","BER","Non-Pollock","S",">= 125 ft LOA",496.5,22.191,10
2001,"spring","BER","Pollock","CP",">= 125 ft LOA",36475.8,85.956,42
2001,"spring","BER","Pollock","S","<125 ft LOA",2048.2,5.069,7
2001,"spring","BER","Pollock","S",">= 125 ft LOA",1402.1,2.191,6
2001,"spring","KOD","Non-Pollock","CP",">= 125 ft LOA",991.1,30.399,5
2001,"spring","PWS","Non-Pollock","CP","<125 ft LOA",261.9,12.274,5
2001,"spring","PWS","Non-Pollock","CP",">= 125 ft LOA",1415.1,20.455,4
2001,"spring","PWS","Non-Pollock","S","<125 ft LOA",1155.9,42.052,26
2001,"summer","ALEUT","Non-Pollock","CP",">= 125 ft LOA",6138,25.542,15
2001,"summer","APEN","Non-Pollock","CP",">= 125 ft LOA",845.2,6.078,6
2001,"summer","BER","Non-Pollock","CP",">= 125 ft LOA",9807.7,165.571,49
2001,"summer","BER","Pollock","CP",">= 125 ft LOA",101690.1,159.702,49
2001,"summer","BER","Pollock","M","<125 ft LOA",19958.8,63.85,6
2001,"summer","BER","Pollock","S","<125 ft LOA",10879.6,36.471,38
2001,"summer","BER","Pollock","S",">= 125 ft LOA",37072.9,67.346,59
2001,"summer","KOD","Non-Pollock","CP",">= 125 ft LOA",326.4,4.185,4
2001,"summer","PWS","Non-Pollock","CP",">= 125 ft LOA",3824.6,38.438,6
2001,"summer","PWS","Non-Pollock","S","<125 ft LOA",3139.4,44.011,38
2001,"winter","ALEUT","Non-Pollock","CP","<125 ft LOA",3663.1,22.622,4
2001,"winter","ALEUT","Non-Pollock","CP",">= 125 ft LOA",27444.1,140.858,61
2001,"winter","ALEUT","Non-Pollock","S","<125 ft LOA",2258.3,19.24,14
2001,"winter","ALEUT","Non-Pollock","S",">= 125 ft LOA",2974.5,19.71,12
2001,"winter","APEN","Non-Pollock","S","<125 ft LOA",582.1,11.038,11
2001,"winter","APEN","Pollock","S","<125 ft LOA",962.8,1.841,8
2001,"winter","BER","Non-Pollock","CP","<125 ft LOA",3006.4,58.722,20
2001,"winter","BER","Non-Pollock","CP",">= 125 ft LOA",41287,485.345,116
2001,"winter","BER","Non-Pollock","S","<125 ft LOA",6091.3,116.238,80
2001,"winter","BER","Non-Pollock","S",">= 125 ft LOA",743.5,11.634,7
2001,"winter","BER","Pollock","CP",">= 125 ft LOA",262203.5,354.349,162
2001,"winter","BER","Pollock","M","<125 ft LOA",57839.2,117.468,21
2001,"winter","BER","Pollock","M","Unknown",2315.3,2.328,7
2001,"winter","BER","Pollock","S","<125 ft LOA",41665.9,64.422,122
2001,"winter","BER","Pollock","S",">= 125 ft LOA",138815.6,154.537,183
2001,"winter","KOD","Pollock","S","<125 ft LOA",3160.9,36.84,29
2001,"winter","PWS","Non-Pollock","S","<125 ft LOA",1911.1,44.291,48
2001,"winter","PWS","Pollock","S","<125 ft LOA",624.7,8.399,15
2002,"fall","ALEUT","Non-Pollock","CP",">= 125 ft LOA",24195.8,70.737,34
2002,"fall","APEN","Non-Pollock","CP",">= 125 ft LOA",775.3,9.813,6
2002,"fall","APEN","Pollock","S","<125 ft LOA",2655.8,11.474,12
2002,"fall","BER","Non-Pollock","CP","<125 ft LOA",4709.7,121.713,26
2002,"fall","BER","Non-Pollock","CP",">= 125 ft LOA",32903.7,569.31,72
2002,"fall","BER","Non-Pollock","S","<125 ft LOA",1155.9,51.247,26
2002,"fall","BER","Pollock","CP",">= 125 ft LOA",219377.5,416.706,106
2002,"fall","BER","Pollock","M","<125 ft LOA",63618.9,271.955,20
2002,"fall","BER","Pollock","M","Unknown",3516.6,14.676,5
2002,"fall","BER","Pollock","S","<125 ft LOA",29645.1,138.701,96
2002,"fall","BER","Pollock","S",">= 125 ft LOA",162300.9,470.426,131
2002,"fall","KOD","Pollock","S","<125 ft LOA",2359.9,40.172,33
2002,"fall","PWS","Non-Pollock","S","<125 ft LOA",632.4,17.931,17
2002,"fall","PWS","Pollock","S","<125 ft LOA",2129.5,19.791,28
2002,"spring","ALEUT","Non-Pollock","CP",">= 125 ft LOA",1493.9,2.816,5
2002,"spring","ALEUT","Non-Pollock","S","<125 ft LOA",22.7,2.67,8
2002,"spring","APEN","Non-Pollock","CP",">= 125 ft LOA",753.1,13.781,6
2002,"spring","BER","Non-Pollock","CP","<125 ft LOA",1693.3,39.109,18
2002,"spring","BER","Non-Pollock","CP",">= 125 ft LOA",20303.8,323.857,94
2002,"spring","BER","Non-Pollock","S","<125 ft LOA",2711.1,85.576,59
2002,"spring","BER","Non-Pollock","S",">= 125 ft LOA",248.3,10.837,6
2002,"spring","BER","Pollock","CP",">= 125 ft LOA",662.1,9.152,11
2002,"spring","KOD","Non-Pollock","CP",">= 125 ft LOA",1993.3,55.992,6
2002,"spring","KOD","Non-Pollock","S","<125 ft LOA",1009.6,31.026,13
2002,"spring","PWS","Non-Pollock","S","<125 ft LOA",1162.7,28.556,32
2002,"summer","ALEUT","Non-Pollock","CP",">= 125 ft LOA",9177.1,30.804,18
2002,"summer","APEN","Non-Pollock","CP",">= 125 ft LOA",3151.1,17.059,9
2002,"summer","BER","Non-Pollock","CP",">= 125 ft LOA",12116.5,163.086,50
2002,"summer","BER","Non-Pollock","S","<125 ft LOA",34.1,1.914,5
2002,"summer","BER","Pollock","CP",">= 125 ft LOA",168811.8,261.911,71
2002,"summer","BER","Pollock","M","<125 ft LOA",23765.6,65.504,6
2002,"summer","BER","Pollock","S","<125 ft LOA",19719.2,48.914,54
2002,"summer","BER","Pollock","S",">= 125 ft LOA",46482.8,78.278,39
2002,"summer","KOD","Non-Pollock","CP",">= 125 ft LOA",1164.5,7.846,6
2002,"summer","PWS","Non-Pollock","CP",">= 125 ft LOA",5585.4,38.444,10
2002,"summer","PWS","Non-Pollock","S","<125 ft LOA",2625.6,36.362,35
2002,"winter","ALEUT","Non-Pollock","CP","<125 ft LOA",444.8,6.955,4
2002,"winter","ALEUT","Non-Pollock","CP",">= 125 ft LOA",30859,144.992,57
2002,"winter","ALEUT","Non-Pollock","M","<125 ft LOA",2780.1,28.448,5
2002,"winter","ALEUT","Non-Pollock","S","<125 ft LOA",1205.5,10.283,14
2002,"winter","ALEUT","Non-Pollock","S",">= 125 ft LOA",4446.7,31.352,15
2002,"winter","APEN","Non-Pollock","S","<125 ft LOA",97,2.312,7
2002,"winter","APEN","Pollock","S","<125 ft LOA",1117.4,3.98,9
2002,"winter","BER","Non-Pollock","CP","<125 ft LOA",3822.7,77.333,23
2002,"winter","BER","Non-Pollock","CP",">= 125 ft LOA",34767.2,346.258,92
2002,"winter","BER","Non-Pollock","S","<125 ft LOA",4971.2,141.014,90
2002,"winter","BER","Non-Pollock","S",">= 125 ft LOA",139.9,4.191,5
2002,"winter","BER","Pollock","CP",">= 125 ft LOA",261369.6,436.428,150
2002,"winter","BER","Pollock","M","<125 ft LOA",57818.3,165.712,29
2002,"winter","BER","Pollock","M","Unknown",2939.2,5.006,5
2002,"winter","BER","Pollock","S","<125 ft LOA",40290.9,86.021,148
2002,"winter","BER","Pollock","S",">= 125 ft LOA",152955.8,224.056,225
2002,"winter","KOD","Pollock","S","<125 ft LOA",3636.2,34.557,31
2002,"winter","PWS","Non-Pollock","S","<125 ft LOA",2052.6,36.108,42
2002,"winter","PWS","Pollock","S","<125 ft LOA",841.2,3.744,12
2002,"winter","PWS.IN","Pollock","S","<125 ft LOA",503.6,4.167,4
2003,"fall","ALEUT","Non-Pollock","CP",">= 125 ft LOA",29366.4,75.829,36
2003,"fall","APEN","Non-Pollock","CP","<125 ft LOA",786.8,22.365,7
2003,"fall","APEN","Non-Pollock","CP",">= 125 ft LOA",1036.7,9.092,4
2003,"fall","APEN","Pollock","S","<125 ft LOA",1647.6,3.54,8
2003,"fall","BER","Non-Pollock","CP","<125 ft LOA",3304.2,67.727,26
2003,"fall","BER","Non-Pollock","CP",">= 125 ft LOA",24030.3,367.139,57
2003,"fall","BER","Non-Pollock","S","<125 ft LOA",1244.4,48.992,20
2003,"fall","BER","Non-Pollock","S",">= 125 ft LOA",374.9,13.968,4
2003,"fall","BER","Pollock","CP",">= 125 ft LOA",208933.7,336.208,78
2003,"fall","BER","Pollock","M","<125 ft LOA",53113.6,202.176,17
2003,"fall","BER","Pollock","M","Unknown",3511,4.491,4
2003,"fall","BER","Pollock","S","<125 ft LOA",26732.1,107.651,89
2003,"fall","BER","Pollock","S",">= 125 ft LOA",149683,380.12,143
2003,"fall","KOD","Non-Pollock","CP","<125 ft LOA",1405,23.399,7
2003,"fall","KOD","Non-Pollock","CP",">= 125 ft LOA",1483.9,15.012,7
2003,"fall","KOD","Pollock","S","<125 ft LOA",1551.2,13.21,19
2003,"fall","PWS","","S","<125 ft LOA",0.1,0.959,6
2003,"fall","PWS","Non-Pollock","CP",">= 125 ft LOA",1950.4,19.209,8
2003,"fall","PWS","Non-Pollock","S","<125 ft LOA",1690.3,15.617,32
2003,"fall","PWS","Pollock","S","<125 ft LOA",2163.3,12.451,20
2003,"spring","ALEUT","Non-Pollock","CP",">= 125 ft LOA",2752.5,14.951,7
2003,"spring","APEN","Non-Pollock","CP",">= 125 ft LOA",4539.4,45.45,11
2003,"spring","BER","Non-Pollock","CP","<125 ft LOA",1329.8,25.606,12
2003,"spring","BER","Non-Pollock","CP",">= 125 ft LOA",23915.9,212.409,75
2003,"spring","BER","Non-Pollock","S","<125 ft LOA",1976.1,103.474,74
2003,"spring","BER","Non-Pollock","S",">= 125 ft LOA",475.2,24.452,15
2003,"spring","KOD","Non-Pollock","CP",">= 125 ft LOA",1906.7,51.032,8
2003,"spring","KOD","Non-Pollock","S","<125 ft LOA",158,7.784,5
2003,"spring","KOD","Pollock","S","<125 ft LOA",1357.7,6.622,15
2003,"spring","PWS","Non-Pollock","CP",">= 125 ft LOA",968.3,15.236,6
2003,"spring","PWS","Non-Pollock","S","<125 ft LOA",1290.9,34.86,23
2003,"summer","ALEUT","Non-Pollock","CP",">= 125 ft LOA",9206.8,30.379,22
2003,"summer","APEN","Non-Pollock","CP",">= 125 ft LOA",1451.5,8.064,11
2003,"summer","BER","Non-Pollock","CP","<125 ft LOA",2200.8,37.141,17
2003,"summer","BER","Non-Pollock","CP",">= 125 ft LOA",17268.9,240.558,63
2003,"summer","BER","Non-Pollock","S","<125 ft LOA",23.3,1.322,4
2003,"summer","BER","Pollock","CP",">= 125 ft LOA",179073,237.582,47
2003,"summer","BER","Pollock","M","<125 ft LOA",35123.9,74.534,6
2003,"summer","BER","Pollock","S","<125 ft LOA",23818.4,44.292,64
2003,"summer","BER","Pollock","S",">= 125 ft LOA",65117.6,97.172,52
2003,"summer","KOD","Non-Pollock","CP",">= 125 ft LOA",2808.3,24.327,6
2003,"summer","PWS","Non-Pollock","CP",">= 125 ft LOA",1812.2,17.137,7
2003,"summer","PWS","Non-Pollock","S","<125 ft LOA",3146.9,38.056,36
2003,"winter","ALEUT","Non-Pollock","CP",">= 125 ft LOA",18480.9,104.545,43
2003,"winter","ALEUT","Non-Pollock","M","<125 ft LOA",2317.9,22.473,5
2003,"winter","ALEUT","Non-Pollock","S","<125 ft LOA",1932.8,11.497,10
2003,"winter","ALEUT","Non-Pollock","S",">= 125 ft LOA",4355.5,21.355,12
2003,"winter","APEN","Pollock","S","<125 ft LOA",749.7,1.142,4
2003,"winter","BER","Non-Pollock","CP","<125 ft LOA",5646,85.88,29
2003,"winter","BER","Non-Pollock","CP",">= 125 ft LOA",45905.8,366.089,100
2003,"winter","BER","Non-Pollock","S","<125 ft LOA",8134.3,118.809,89
2003,"winter","BER","Non-Pollock","S",">= 125 ft LOA",536.2,7.252,11
2003,"winter","BER","Pollock","CP",">= 125 ft LOA",263618,378.629,153
2003,"winter","BER","Pollock","M","<125 ft LOA",58762.7,147.951,26
2003,"winter","BER","Pollock","M","Unknown",2389.5,3.906,6
2003,"winter","BER","Pollock","S","<125 ft LOA",40392.5,72.248,128
2003,"winter","BER","Pollock","S",">= 125 ft LOA",148202.3,182.196,205
2003,"winter","KOD","Pollock","S","<125 ft LOA",6124.2,31.221,36
2003,"winter","PWS","","S","<125 ft LOA",0,0.149,4
2003,"winter","PWS","Non-Pollock","S","<125 ft LOA",1512.9,30.657,47
2003,"winter","PWS","Pollock","S","<125 ft LOA",2129.7,9.077,22
2004,"fall","ALEUT","Non-Pollock","CP",">= 125 ft LOA",31310.9,101.418,36
2004,"fall","APEN","Pollock","S","<125 ft LOA",1685.1,7.165,10
2004,"fall","BER","Non-Pollock","CP","<125 ft LOA",1319,36.264,19
2004,"fall","BER","Non-Pollock","CP",">= 125 ft LOA",11900.5,204.244,48
2004,"fall","BER","Non-Pollock","S","<125 ft LOA",921.3,34.305,33
2004,"fall","BER","Non-Pollock","S",">= 125 ft LOA",369.6,17.202,10
2004,"fall","BER","Pollock","CP",">= 125 ft LOA",195135.8,312.301,60
2004,"fall","BER","Pollock","M","<125 ft LOA",61709.5,196.205,18
2004,"fall","BER","Pollock","S","<125 ft LOA",25989.8,169.096,104
2004,"fall","BER","Pollock","S",">= 125 ft LOA",129694.4,522.667,166
2004,"fall","KOD","Pollock","S","<125 ft LOA",1487.2,14.884,20
2004,"fall","PWS","Non-Pollock","S","<125 ft LOA",1381.4,19.047,33
2004,"fall","PWS","Pollock","S","<125 ft LOA",2342.5,29.351,39
2004,"spring","ALEUT","Non-Pollock","CP",">= 125 ft LOA",510.6,3.055,5
2004,"spring","BER","Non-Pollock","CP","<125 ft LOA",4748.7,76.408,32
2004,"spring","BER","Non-Pollock","CP",">= 125 ft LOA",41480,447.894,109
2004,"spring","BER","Non-Pollock","S","<125 ft LOA",1641.1,43.602,47
2004,"spring","BER","Non-Pollock","S",">= 125 ft LOA",303.8,8.755,10
2004,"spring","KOD","Non-Pollock","S","<125 ft LOA",123.4,4.334,5
2004,"spring","PWS","Non-Pollock","S","<125 ft LOA",1248.8,25.587,24
2004,"summer","ALEUT","Non-Pollock","CP",">= 125 ft LOA",8653.4,23.468,17
2004,"summer","APEN","Non-Pollock","CP",">= 125 ft LOA",4008,20.256,10
2004,"summer","BER","Non-Pollock","CP","<125 ft LOA",3749.9,72.45,28
2004,"summer","BER","Non-Pollock","CP",">= 125 ft LOA",18756.3,280.197,86
2004,"summer","BER","Non-Pollock","S","<125 ft LOA",219.2,11.403,15
2004,"summer","BER","Pollock","CP",">= 125 ft LOA",191699.6,280.506,88
2004,"summer","BER","Pollock","M","<125 ft LOA",25924.5,77.064,7
2004,"summer","BER","Pollock","S","<125 ft LOA",24286,59.286,73
2004,"summer","BER","Pollock","S",">= 125 ft LOA",68801.7,111.946,60
2004,"summer","KOD","Non-Pollock","CP",">= 125 ft LOA",3108.1,14.273,4
2004,"summer","KOD","Non-Pollock","S","<125 ft LOA",200.8,6.069,4
2004,"summer","PWS","Non-Pollock","S","<125 ft LOA",3132.6,34.295,35
2004,"winter","ALEUT","Non-Pollock","CP",">= 125 ft LOA",28257.5,104.989,41
2004,"winter","ALEUT","Non-Pollock","M","<125 ft LOA",1029,10.347,4
2004,"winter","ALEUT","Non-Pollock","S","<125 ft LOA",1350.7,8.245,5
2004,"winter","ALEUT","Non-Pollock","S",">= 125 ft LOA",1929,12.509,6
2004,"winter","APEN","Pollock","S","<125 ft LOA",864.4,2.186,5
2004,"winter","BER","Non-Pollock","CP","<125 ft LOA",6278.7,112.036,33
2004,"winter","BER","Non-Pollock","CP",">= 125 ft LOA",52465.3,458.327,134
2004,"winter","BER","Non-Pollock","M","<125 ft LOA",543.1,11.789,5
2004,"winter","BER","Non-Pollock","S","<125 ft LOA",7230.8,128.782,89
2004,"winter","BER","Non-Pollock","S",">= 125 ft LOA",841.1,15.402,10
2004,"winter","BER","Pollock","CP",">= 125 ft LOA",253337.2,309.726,112
2004,"winter","BER","Pollock","M","<125 ft LOA",54396.6,146.828,25
2004,"winter","BER","Pollock","M","Unknown",4595.6,11.81,6
2004,"winter","BER","Pollock","S","<125 ft LOA",39455.4,80.207,120
2004,"winter","BER","Pollock","S",">= 125 ft LOA",148161.1,190.772,202
2004,"winter","KOD","Pollock","S","<125 ft LOA",8109.3,77.513,48
2004,"winter","PWS","Non-Pollock","S","<125 ft LOA",1238.8,22.606,39
2004,"winter","PWS","Pollock","S","<125 ft LOA",2016.1,10.455,19
2005,"fall","ALEUT","Non-Pollock","CP",">= 125 ft LOA",41350,122.616,50
2005,"fall","APEN","Pollock","S","<125 ft LOA",3602.9,15.256,11
2005,"fall","BER","Non-Pollock","CP","<125 ft LOA",1583.4,29.376,12
2005,"fall","BER","Non-Pollock","CP",">= 125 ft LOA",13483.5,187.325,47
2005,"fall","BER","Non-Pollock","S","<125 ft LOA",99.3,2.553,4
2005,"fall","BER","Pollock","CP",">= 125 ft LOA",203074.3,273.898,62
2005,"fall","BER","Pollock","M","<125 ft LOA",45894.6,130.999,9
2005,"fall","BER","Pollock","S","<125 ft LOA",24097,161.807,123
2005,"fall","BER","Pollock","S",">= 125 ft LOA",118248.8,479.719,180
2005,"fall","KOD","Pollock","S","<125 ft LOA",160.6,2.718,5
2005,"fall","PWS","Non-Pollock","S","<125 ft LOA",816.4,9.281,25
2005,"fall","PWS","Pollock","S","<125 ft LOA",2033.9,22.876,24
2005,"spring","BER","Non-Pollock","CP","<125 ft LOA",3924.7,57.543,29
2005,"spring","BER","Non-Pollock","CP",">= 125 ft LOA",46240.4,347.739,119
2005,"spring","BER","Non-Pollock","S","<125 ft LOA",1386.1,42.411,41
2005,"spring","BER","Non-Pollock","S",">= 125 ft LOA",757.2,20.374,11
2005,"spring","PWS","Non-Pollock","S","<125 ft LOA",1559,21.976,23
2005,"summer","ALEUT","Non-Pollock","CP",">= 125 ft LOA",6064.6,34.615,15
2005,"summer","APEN","Non-Pollock","CP",">= 125 ft LOA",2055.7,8.924,7
2005,"summer","BER","Non-Pollock","CP","<125 ft LOA",2642.1,52.128,19
2005,"summer","BER","Non-Pollock","CP",">= 125 ft LOA",16155.4,255.122,65
2005,"summer","BER","Non-Pollock","S","<125 ft LOA",282.8,6.827,7
2005,"summer","BER","Pollock","CP",">= 125 ft LOA",187656.3,237.799,51
2005,"summer","BER","Pollock","M","<125 ft LOA",41189.3,107.674,9
2005,"summer","BER","Pollock","S","<125 ft LOA",23511.5,90.756,89
2005,"summer","BER","Pollock","S",">= 125 ft LOA",87766.5,226.189,102
2005,"summer","KOD","Non-Pollock","CP","<125 ft LOA",1708.9,19.409,5
2005,"summer","KOD","Non-Pollock","CP",">= 125 ft LOA",3618.6,24.343,7
2005,"summer","PWS","Non-Pollock","CP",">= 125 ft LOA",1200.2,14.031,5
2005,"summer","PWS","Non-Pollock","S","<125 ft LOA",3406.7,40.154,26
2005,"winter","ALEUT","Non-Pollock","CP",">= 125 ft LOA",26719.6,87.23,38
2005,"winter","ALEUT","Non-Pollock","M","<125 ft LOA",1986.5,15.809,6
2005,"winter","ALEUT","Non-Pollock","S","<125 ft LOA",1627.7,6.615,7
2005,"winter","ALEUT","Non-Pollock","S",">= 125 ft LOA",1384.8,6.236,4
2005,"winter","APEN","Pollock","S","<125 ft LOA",1233.3,4.151,8
2005,"winter","BER","Non-Pollock","CP","<125 ft LOA",5401.8,90.557,30
2005,"winter","BER","Non-Pollock","CP",">= 125 ft LOA",62095.4,395.97,162
2005,"winter","BER","Non-Pollock","S","<125 ft LOA",6260,148.936,107
2005,"winter","BER","Non-Pollock","S",">= 125 ft LOA",1100,19.373,8
2005,"winter","BER","Pollock","CP",">= 125 ft LOA",257844.5,341.587,115
2005,"winter","BER","Pollock","M","<125 ft LOA",55488.1,127.422,20
2005,"winter","BER","Pollock","M","Unknown",3814.4,6.032,5
2005,"winter","BER","Pollock","S","<125 ft LOA",38628.5,72.395,97
2005,"winter","BER","Pollock","S",">= 125 ft LOA",151665.7,209.331,187
2005,"winter","KOD","Pollock","S","<125 ft LOA",6526.3,61.315,36
2005,"winter","PWS","","S","<125 ft LOA",0.1,0.404,5
2005,"winter","PWS","Non-Pollock","S","<125 ft LOA",1240.5,29.308,49
2005,"winter","PWS","Pollock","S","<125 ft LOA",1276,7.821,10
2006,"fall","ALEUT","Non-Pollock","CP",">= 125 ft LOA",37884.3,134.381,48
2006,"fall","APEN","Pollock","S","<125 ft LOA",2375.5,17.279,13
2006,"fall","BER","Non-Pollock","CP","<125 ft LOA",1829.1,34.874,13
2006,"fall","BER","Non-Pollock","CP",">= 125 ft LOA",12889.9,149.396,46
2006,"fall","BER","Non-Pollock","S","<125 ft LOA",134.7,5.144,6
2006,"fall","BER","Pollock","CP",">= 125 ft LOA",248921.7,415.459,72
2006,"fall","BER","Pollock","M","<125 ft LOA",54090.3,186.497,14
2006,"fall","BER","Pollock","S","<125 ft LOA",31906.8,187.125,115
2006,"fall","BER","Pollock","S",">= 125 ft LOA",136495.2,522.339,190
2006,"fall","KOD","Non-Pollock","CP",">= 125 ft LOA",2099.2,17.958,6
2006,"fall","KOD","Pollock","S","<125 ft LOA",789,8.313,12
2006,"fall","PWS","","S","<125 ft LOA",0,2.168,7
2006,"fall","PWS","Non-Pollock","S","<125 ft LOA",683.1,11.668,26
2006,"fall","PWS","Pollock","S","<125 ft LOA",3347.3,57.042,51
2006,"spring","ALEUT","Non-Pollock","CP",">= 125 ft LOA",1290.2,23.286,5
2006,"spring","ALEUT","Non-Pollock","S","<125 ft LOA",743.1,2.158,4
2006,"spring","BER","Non-Pollock","CP","<125 ft LOA",3510.4,78.868,32
2006,"spring","BER","Non-Pollock","CP",">= 125 ft LOA",42477.8,356.554,121
2006,"spring","BER","Non-Pollock","M","<125 ft LOA",1233.2,8.76,6
2006,"spring","BER","Non-Pollock","S","<125 ft LOA",1985.2,27.127,38
2006,"spring","BER","Non-Pollock","S",">= 125 ft LOA",963.1,10.083,13
2006,"spring","PWS","Non-Pollock","S","<125 ft LOA",2234.4,38.773,25
2006,"summer","ALEUT","Non-Pollock","CP",">= 125 ft LOA",7262.3,29.863,17
2006,"summer","APEN","Non-Pollock","CP",">= 125 ft LOA",5093.4,16.258,8
2006,"summer","BER","Non-Pollock","CP","<125 ft LOA",2448,62.981,22
2006,"summer","BER","Non-Pollock","CP",">= 125 ft LOA",18985.5,168.394,47
2006,"summer","BER","Pollock","CP",">= 125 ft LOA",150891.9,261.678,52
2006,"summer","BER","Pollock","M","<125 ft LOA",32863.8,106.659,5
2006,"summer","BER","Pollock","S","<125 ft LOA",14998.6,101.635,83
2006,"summer","BER","Pollock","S",">= 125 ft LOA",79268.1,300.113,122
2006,"summer","KOD","Non-Pollock","CP",">= 125 ft LOA",3318.8,16.711,5
2006,"summer","PWS","Non-Pollock","S","<125 ft LOA",2694.4,27.791,25
2006,"winter","ALEUT","Non-Pollock","CP",">= 125 ft LOA",27073,118.856,46
2006,"winter","ALEUT","Non-Pollock","M","<125 ft LOA",2554.6,16.269,6
2006,"winter","ALEUT","Non-Pollock","S","<125 ft LOA",1416.2,14.8,11
2006,"winter","ALEUT","Non-Pollock","S",">= 125 ft LOA",4068.2,21.02,9
2006,"winter","BER","Non-Pollock","CP","<125 ft LOA",6013.1,83.353,32
2006,"winter","BER","Non-Pollock","CP",">= 125 ft LOA",63113.5,365.559,130
2006,"winter","BER","Non-Pollock","S","<125 ft LOA",6353.4,156.296,115
2006,"winter","BER","Non-Pollock","S",">= 125 ft LOA",431.3,7.378,5
2006,"winter","BER","Pollock","CP",">= 125 ft LOA",244968.3,443.711,126
2006,"winter","BER","Pollock","M","<125 ft LOA",54243.3,149.371,26
2006,"winter","BER","Pollock","M","Unknown",3251.2,6.79,5
2006,"winter","BER","Pollock","S","<125 ft LOA",35202,83.145,121
2006,"winter","BER","Pollock","S",">= 125 ft LOA",130610.6,223.509,206
2006,"winter","KOD","Non-Pollock","S","<125 ft LOA",104.2,2.892,5
2006,"winter","KOD","Pollock","S","<125 ft LOA",3976,33.039,26
2006,"winter","PWS","","S","<125 ft LOA",0,0.668,4
2006,"winter","PWS","Non-Pollock","S","<125 ft LOA",1682.9,31.67,36
2006,"winter","PWS","Pollock","S","<125 ft LOA",2332.6,12.913,19
2007,"fall","ALEUT","Non-Pollock","CP",">= 125 ft LOA",38702.9,122.689,39
2007,"fall","APEN","Non-Pollock","CP",">= 125 ft LOA",1954.3,13.821,10
2007,"fall","APEN","Pollock","S","<125 ft LOA",1068.4,12.735,9
2007,"fall","BER","Non-Pollock","CP","<125 ft LOA",2126.5,38.736,15
2007,"fall","BER","Non-Pollock","CP",">= 125 ft LOA",12182.2,119.701,46
2007,"fall","BER","Non-Pollock","S","<125 ft LOA",1.8,4.31,6
2007,"fall","BER","Pollock","CP",">= 125 ft LOA",207084.7,504.406,96
2007,"fall","BER","Pollock","M","<125 ft LOA",57701.9,345.709,20
2007,"fall","BER","Pollock","M","Unknown",3099,16.557,5
2007,"fall","BER","Pollock","S","<125 ft LOA",22390.1,233.67,139
2007,"fall","BER","Pollock","S",">= 125 ft LOA",102283.2,663.971,223
2007,"fall","BER","Pollock","S","Unknown",374,4.154,4
2007,"fall","KOD","Non-Pollock","CP",">= 125 ft LOA",4461.4,18.944,5
2007,"fall","KOD","Non-Pollock","S","<125 ft LOA",235.8,1.835,6
2007,"fall","KOD","Pollock","S","<125 ft LOA",531.1,4.812,5
2007,"fall","PWS","","S","<125 ft LOA",0,2.095,8
2007,"fall","PWS","Non-Pollock","S","<125 ft LOA",1832.4,25.183,45
2007,"fall","PWS","Pollock","S","<125 ft LOA",2209.3,24.847,29
2007,"spring","ALEUT","Non-Pollock","CP",">= 125 ft LOA",1819.5,5.523,5
2007,"spring","ALEUT","Non-Pollock","S","<125 ft LOA",684.5,10.055,20
2007,"spring","ALEUT","Non-Pollock","S",">= 125 ft LOA",333.2,4.349,6
2007,"spring","APEN","Non-Pollock","CP",">= 125 ft LOA",679.1,8.776,4
2007,"spring","BER","Non-Pollock","CP","<125 ft LOA",4422,80.37,22
2007,"spring","BER","Non-Pollock","CP",">= 125 ft LOA",58302.6,355.956,102
2007,"spring","BER","Non-Pollock","S","<125 ft LOA",2296.5,28.4,27
2007,"spring","KOD","Non-Pollock","S","<125 ft LOA",433.9,2.441,5
2007,"spring","PWS","Non-Pollock","S","<125 ft LOA",2966.2,31.069,30
2007,"summer","ALEUT","Non-Pollock","CP",">= 125 ft LOA",14789.8,53.874,22
2007,"summer","APEN","Non-Pollock","CP",">= 125 ft LOA",6524.6,23.245,5
2007,"summer","BER","Non-Pollock","CP","<125 ft LOA",2513.4,62.591,22
2007,"summer","BER","Non-Pollock","CP",">= 125 ft LOA",23417.8,305.394,85
2007,"summer","BER","Non-Pollock","S","<125 ft LOA",87.6,2.683,4
2007,"summer","BER","Pollock","CP",">= 125 ft LOA",152410.5,248.052,44
2007,"summer","BER","Pollock","M","<125 ft LOA",23605.5,87.24,9
2007,"summer","BER","Pollock","S","<125 ft LOA",16727.3,96.415,84
2007,"summer","BER","Pollock","S",">= 125 ft LOA",74826.5,273.3,123
2007,"summer","KOD","Non-Pollock","CP",">= 125 ft LOA",2660,10.52,4
2007,"summer","KOD","Non-Pollock","S","<125 ft LOA",678,4.229,14
2007,"summer","PWS","Non-Pollock","S","<125 ft LOA",5489.4,80.548,34
2007,"winter","ALEUT","Non-Pollock","CP","<125 ft LOA",1279.3,7.257,4
2007,"winter","ALEUT","Non-Pollock","CP",">= 125 ft LOA",28246,55.937,42
2007,"winter","ALEUT","Non-Pollock","M","<125 ft LOA",2039.4,18.455,9
2007,"winter","ALEUT","Non-Pollock","M",">= 125 ft LOA",2387.2,14.126,9
2007,"winter","ALEUT","Non-Pollock","S","<125 ft LOA",1934.7,29.159,20
2007,"winter","ALEUT","Non-Pollock","S",">= 125 ft LOA",2909.3,37.15,13
2007,"winter","APEN","Non-Pollock","CP","<125 ft LOA",302.1,13,5
2007,"winter","BER","Non-Pollock","CP","<125 ft LOA",13638.3,108.004,31
2007,"winter","BER","Non-Pollock","CP",">= 125 ft LOA",82071.1,265.932,121
2007,"winter","BER","Non-Pollock","S","<125 ft LOA",4498.7,120.025,94
2007,"winter","BER","Non-Pollock","S",">= 125 ft LOA",196,8.838,9
2007,"winter","BER","Pollock","CP",">= 125 ft LOA",174463.3,360.803,155
2007,"winter","BER","Pollock","M","<125 ft LOA",38418.4,140.351,25
2007,"winter","BER","Pollock","M","Unknown",2348.6,7.194,6
2007,"winter","BER","Pollock","S","<125 ft LOA",25048,74.247,104
2007,"winter","BER","Pollock","S",">= 125 ft LOA",96683.8,221.585,197
2007,"winter","KOD","Non-Pollock","CP","<125 ft LOA",141.5,7.388,4
2007,"winter","KOD","Non-Pollock","S","<125 ft LOA",317.1,5.541,8
2007,"winter","KOD","Pollock","S","<125 ft LOA",4471.7,54.359,32
2007,"winter","PWS","Non-Pollock","S","<125 ft LOA",2277.8,36.693,61
2007,"winter","PWS","Pollock","S","<125 ft LOA",2693.7,11.395,14
2008,"fall","ALEUT","Non-Pollock","CP",">= 125 ft LOA",42382.5,111.103,41
2008,"fall","ALEUT","Non-Pollock","M",">= 125 ft LOA",1661.2,8.802,5
2008,"fall","APEN","Non-Pollock","CP","<125 ft LOA",561.8,12.127,4
2008,"fall","BER","Non-Pollock","CP","<125 ft LOA",17781.4,218.704,51
2008,"fall","BER","Non-Pollock","CP",">= 125 ft LOA",58412.8,407.019,71
2008,"fall","BER","Non-Pollock","S","<125 ft LOA",70.6,7.103,7
2008,"fall","BER","Pollock","CP","<125 ft LOA",1629.2,17.489,12
2008,"fall","BER","Pollock","CP",">= 125 ft LOA",157945,478.781,80
2008,"fall","BER","Pollock","M","<125 ft LOA",37452.3,326.61,11
2008,"fall","BER","Pollock","S","<125 ft LOA",15810.8,136.243,82
2008,"fall","BER","Pollock","S",">= 125 ft LOA",65083.2,453.002,130
2008,"fall","KOD","Non-Pollock","CP","<125 ft LOA",604.4,11.41,4
2008,"fall","KOD","Pollock","S","<125 ft LOA",903.2,8.073,10
2008,"fall","PWS","","S","<125 ft LOA",0,4.75,6
2008,"fall","PWS","Non-Pollock","S","<125 ft LOA",3720,43.305,53
2008,"fall","PWS","Pollock","S","<125 ft LOA",2783.5,17.768,30
2008,"spring","ALEUT","Non-Pollock","CP",">= 125 ft LOA",2704.5,6.089,8
2008,"spring","ALEUT","Non-Pollock","S","<125 ft LOA",552.6,6.307,12
2008,"spring","ALEUT","Non-Pollock","S",">= 125 ft LOA",465.4,6.029,7
2008,"spring","BER","Non-Pollock","CP","<125 ft LOA",10353.5,83.269,35
2008,"spring","BER","Non-Pollock","CP",">= 125 ft LOA",57542.4,215.302,107
2008,"spring","BER","Non-Pollock","M",">= 125 ft LOA",1606.4,6.779,5
2008,"spring","BER","Non-Pollock","S","<125 ft LOA",1421.8,24.459,34
2008,"spring","BER","Pollock","CP",">= 125 ft LOA",90.4,1.097,6
2008,"spring","PWS","Non-Pollock","S","<125 ft LOA",3521.5,28.779,34
2008,"summer","ALEUT","Non-Pollock","CP",">= 125 ft LOA",12017.9,36.526,15
2008,"summer","APEN","Non-Pollock","CP",">= 125 ft LOA",6229.7,22.05,9
2008,"summer","BER","Non-Pollock","CP","<125 ft LOA",8117.2,127.102,47
2008,"summer","BER","Non-Pollock","CP",">= 125 ft LOA",21846.4,188.085,53
2008,"summer","BER","Non-Pollock","S","<125 ft LOA",291.8,7.28,5
2008,"summer","BER","Pollock","CP",">= 125 ft LOA",111443.3,242.692,38
2008,"summer","BER","Pollock","M","<125 ft LOA",13429.6,80.323,4
2008,"summer","BER","Pollock","S","<125 ft LOA",16888,99.368,98
2008,"summer","BER","Pollock","S",">= 125 ft LOA",76189.9,321.203,111
2008,"summer","KOD","Non-Pollock","CP",">= 125 ft LOA",4285.5,21.218,5
2008,"summer","PWS","Non-Pollock","CP",">= 125 ft LOA",1504.9,4.483,4
2008,"summer","PWS","Non-Pollock","S","<125 ft LOA",5245.6,57.536,28
2008,"winter","ALEUT","Non-Pollock","CP","<125 ft LOA",1890.2,9.87,5
2008,"winter","ALEUT","Non-Pollock","CP",">= 125 ft LOA",31369.6,70.31,44
2008,"winter","ALEUT","Non-Pollock","M","<125 ft LOA",1617,10.598,4
2008,"winter","ALEUT","Non-Pollock","M",">= 125 ft LOA",1916.9,8.208,6
2008,"winter","ALEUT","Non-Pollock","S","<125 ft LOA",1695,11.064,10
2008,"winter","ALEUT","Non-Pollock","S",">= 125 ft LOA",3347.1,22.091,10
2008,"winter","BER","Non-Pollock","CP","<125 ft LOA",13524.4,134.434,49
2008,"winter","BER","Non-Pollock","CP",">= 125 ft LOA",72784,316.392,129
2008,"winter","BER","Non-Pollock","S","<125 ft LOA",4268.5,77.224,80
2008,"winter","BER","Pollock","CP","<125 ft LOA",264.5,2.734,7
2008,"winter","BER","Pollock","CP",">= 125 ft LOA",150553.7,320.76,115
2008,"winter","BER","Pollock","M","<125 ft LOA",34698.4,182.328,25
2008,"winter","BER","Pollock","S","<125 ft LOA",24285.8,83.454,104
2008,"winter","BER","Pollock","S",">= 125 ft LOA",76729.7,214.834,151
2008,"winter","KOD","Pollock","S","<125 ft LOA",3311.4,33.349,27
2008,"winter","PWS","","S","<125 ft LOA",0,1.413,5
2008,"winter","PWS","Non-Pollock","S","<125 ft LOA",3018.1,40.633,58
2008,"winter","PWS","Pollock","S","<125 ft LOA",1511.3,5.775,18
2009,"fall","ALEUT","Non-Pollock","CP",">= 125 ft LOA",44864.8,105.002,43
2009,"fall","ALEUT","Non-Pollock","M",">= 125 ft LOA",2448.2,10.77,5
2009,"fall","APEN","Pollock","S","<125 ft LOA",926.9,6.351,7
2009,"fall","BER","Non-Pollock","CP","<125 ft LOA",15152.3,162.274,45
2009,"fall","BER","Non-Pollock","CP",">= 125 ft LOA",56076.1,365.065,88
2009,"fall","BER","Pollock","CP","<125 ft LOA",724.3,4.869,12
2009,"fall","BER","Pollock","CP",">= 125 ft LOA",101952.7,244.974,63
2009,"fall","BER","Pollock","M","<125 ft LOA",15112.7,82.745,5
2009,"fall","BER","Pollock","S","<125 ft LOA",8390.3,50.347,53
2009,"fall","BER","Pollock","S",">= 125 ft LOA",35934.4,146.142,70
2009,"fall","KOD","Non-Pollock","CP","<125 ft LOA",562.9,19.935,4
2009,"fall","KOD","Pollock","S","<125 ft LOA",1516.4,7.621,14
2009,"fall","PWS","Non-Pollock","S","<125 ft LOA",3756.6,48.253,51
2009,"fall","PWS","Pollock","S","<125 ft LOA",3288.4,13.791,33
2009,"spring","ALEUT","Non-Pollock","CP",">= 125 ft LOA",9011.9,32.86,8
2009,"spring","ALEUT","Non-Pollock","S","<125 ft LOA",561.7,2.189,6
2009,"spring","ALEUT","Non-Pollock","S",">= 125 ft LOA",865.1,3.931,5
2009,"spring","BER","Non-Pollock","CP","<125 ft LOA",6856,54.628,23
2009,"spring","BER","Non-Pollock","CP",">= 125 ft LOA",50164.7,160.207,88
2009,"spring","BER","Non-Pollock","S","<125 ft LOA",650.8,6.771,20
2009,"spring","BER","Pollock","CP",">= 125 ft LOA",530.4,2.351,10
2009,"spring","BER","Pollock","S",">= 125 ft LOA",1066,2.443,6
2009,"spring","KOD","Non-Pollock","S","<125 ft LOA",217.6,3.171,4
2009,"spring","PWS","Non-Pollock","S","<125 ft LOA",2721.5,32.092,26
2009,"summer","ALEUT","Non-Pollock","CP",">= 125 ft LOA",16042,40.074,15
2009,"summer","APEN","Non-Pollock","CP",">= 125 ft LOA",9022.2,31.814,12
2009,"summer","BER","Non-Pollock","CP","<125 ft LOA",4909.5,44.186,17
2009,"summer","BER","Non-Pollock","CP",">= 125 ft LOA",22380.7,160.646,47
2009,"summer","BER","Non-Pollock","S","<125 ft LOA",72.5,8.678,11
2009,"summer","BER","Pollock","CP",">= 125 ft LOA",113905.6,233.703,39
2009,"summer","BER","Pollock","M","<125 ft LOA",34079.2,186.2,14
2009,"summer","BER","Pollock","S","<125 ft LOA",19277.8,117.893,113
2009,"summer","BER","Pollock","S",">= 125 ft LOA",75389.1,269.587,129
2009,"summer","KOD","Non-Pollock","CP",">= 125 ft LOA",3297.2,12.315,6
2009,"summer","PWS","Non-Pollock","CP",">= 125 ft LOA",2002.3,5.047,7
2009,"summer","PWS","Non-Pollock","S","<125 ft LOA",4205.4,49.327,27
2009,"winter","ALEUT","Non-Pollock","CP",">= 125 ft LOA",36651.8,78.525,46
2009,"winter","ALEUT","Non-Pollock","M","<125 ft LOA",4607.3,33.407,9
2009,"winter","ALEUT","Non-Pollock","M",">= 125 ft LOA",3400,12.478,8
2009,"winter","ALEUT","Non-Pollock","S","<125 ft LOA",1716.4,13.392,11
2009,"winter","ALEUT","Non-Pollock","S",">= 125 ft LOA",3394.5,31.314,12
2009,"winter","APEN","Pollock","S","<125 ft LOA",718.7,5.266,6
2009,"winter","BER","Non-Pollock","CP","<125 ft LOA",13505.5,129.177,39
2009,"winter","BER","Non-Pollock","CP",">= 125 ft LOA",70226.5,238.967,99
2009,"winter","BER","Non-Pollock","S","<125 ft LOA",5625.3,94.922,67
2009,"winter","BER","Pollock","CP",">= 125 ft LOA",142567,245.184,106
2009,"winter","BER","Pollock","M","<125 ft LOA",28711.1,90.723,16
2009,"winter","BER","Pollock","S","<125 ft LOA",23446.9,80.265,96
2009,"winter","BER","Pollock","S",">= 125 ft LOA",64328.1,123.42,138
2009,"winter","KOD","Non-Pollock","CP","<125 ft LOA",544.5,11.142,4
2009,"winter","KOD","Non-Pollock","S","<125 ft LOA",370.9,8.525,8
2009,"winter","KOD","Pollock","S","<125 ft LOA",5086.4,27.387,28
2009,"winter","PWS","","S","<125 ft LOA",0,1.103,5
2009,"winter","PWS","Non-Pollock","S","<125 ft LOA",2217.8,25.642,48
2009,"winter","PWS","Pollock","S","<125 ft LOA",2085.7,5.686,25
2010,"fall","ALEUT","Non-Pollock","CP",">= 125 ft LOA",42457.5,107.274,44
2010,"fall","ALEUT","Non-Pollock","M",">= 125 ft LOA",2769,10.723,5
2010,"fall","APEN","Pollock","S","<125 ft LOA",1367.6,8.902,6
2010,"fall","BER","Non-Pollock","CP","<125 ft LOA",13834.2,112.266,32
2010,"fall","BER","Non-Pollock","CP",">= 125 ft LOA",59985.5,314.407,118
2010,"fall","BER","Pollock","CP","<125 ft LOA",827.1,4.831,13
2010,"fall","BER","Pollock","CP",">= 125 ft LOA",85321.4,180.61,68
2010,"fall","BER","Pollock","M","<125 ft LOA",14934.6,62.835,8
2010,"fall","BER","Pollock","S","<125 ft LOA",9474.6,74.416,53
2010,"fall","BER","Pollock","S",">= 125 ft LOA",36466.2,180.575,73
2010,"fall","KOD","Non-Pollock","S","<125 ft LOA",513.4,5.688,10
2010,"fall","KOD","Pollock","S","<125 ft LOA",1866.5,10.221,19
2010,"fall","PWS","","S","<125 ft LOA",0,0.776,7
2010,"fall","PWS","Non-Pollock","S","<125 ft LOA",5012,45.63,58
2010,"fall","PWS","Pollock","S","<125 ft LOA",3536.1,12.099,32
2010,"spring","ALEUT","Non-Pollock","CP",">= 125 ft LOA",15382.4,54.448,10
2010,"spring","BER","Non-Pollock","CP","<125 ft LOA",8191.4,44.068,25
2010,"spring","BER","Non-Pollock","CP",">= 125 ft LOA",46743.2,142.907,74
2010,"spring","BER","Pollock","CP",">= 125 ft LOA",9356.3,12.588,15
2010,"spring","BER","Pollock","S","<125 ft LOA",2189.4,5.979,13
2010,"spring","BER","Pollock","S",">= 125 ft LOA",9431.3,17.919,29
2010,"spring","PWS","Non-Pollock","S","<125 ft LOA",4815.7,37.587,33
2010,"summer","ALEUT","Non-Pollock","CP",">= 125 ft LOA",18217.5,62.02,17
2010,"summer","APEN","Non-Pollock","CP",">= 125 ft LOA",7294,26.356,10
2010,"summer","BER","Non-Pollock","CP","<125 ft LOA",9860.3,61.008,23
2010,"summer","BER","Non-Pollock","CP",">= 125 ft LOA",21182.6,116.791,49
2010,"summer","BER","Pollock","CP","<125 ft LOA",128.8,1.107,6
2010,"summer","BER","Pollock","CP",">= 125 ft LOA",139281.4,194.389,35
2010,"summer","BER","Pollock","M","<125 ft LOA",27360.8,104.374,9
2010,"summer","BER","Pollock","S","<125 ft LOA",21537.9,92.126,95
2010,"summer","BER","Pollock","S",">= 125 ft LOA",76131.2,189.613,106
2010,"summer","KOD","Non-Pollock","CP",">= 125 ft LOA",3961.7,15.036,6
2010,"summer","KOD","Non-Pollock","S","<125 ft LOA",373.8,4.761,4
2010,"summer","PWS","Non-Pollock","CP",">= 125 ft LOA",2946.9,8.476,6
2010,"summer","PWS","Non-Pollock","S","<125 ft LOA",4337.6,39.491,25
2010,"winter","ALEUT","Non-Pollock","CP",">= 125 ft LOA",9620.9,18.881,13
2010,"winter","ALEUT","Non-Pollock","M","<125 ft LOA",4508.6,35.851,8
2010,"winter","ALEUT","Non-Pollock","M",">= 125 ft LOA",3534.4,29.054,5
2010,"winter","BER","Non-Pollock","CP","<125 ft LOA",13016.9,61.418,32
2010,"winter","BER","Non-Pollock","CP",">= 125 ft LOA",95620.1,279.693,130
2010,"winter","BER","Non-Pollock","S","<125 ft LOA",11333.5,155.961,107
2010,"winter","BER","Non-Pollock","S",">= 125 ft LOA",1144,12.248,8
2010,"winter","BER","Pollock","CP",">= 125 ft LOA",231019.6,350.753,142
2010,"winter","BER","Pollock","M","<125 ft LOA",44981.2,147.309,28
2010,"winter","BER","Pollock","S","<125 ft LOA",80487.8,166.858,163
2010,"winter","BER","Pollock","S",">= 125 ft LOA",113646.2,169.123,146
2010,"winter","KOD","Non-Pollock","CP","<125 ft LOA",324.8,5.49,4
2010,"winter","KOD","Pollock","S","<125 ft LOA",9456.1,22.674,39
2010,"winter","PWS","Non-Pollock","S","<125 ft LOA",2143.1,28.412,47
2010,"winter","PWS","Pollock","S","<125 ft LOA",1556.7,4.483,11
2011,"fall","ALEUT","Non-Pollock","CP",">= 125 ft LOA",26391.6,92.053,25
2011,"fall","ALEUT","Non-Pollock","M",">= 125 ft LOA",3540.9,18.3,4
2011,"fall","APEN","Pollock","S","<125 ft LOA",1443.8,9.512,4
2011,"fall","BER","Non-Pollock","CP","<125 ft LOA",16245.1,143.48,38
2011,"fall","BER","Non-Pollock","CP",">= 125 ft LOA",66288.8,379.691,100
2011,"fall","BER","Non-Pollock","M",">= 125 ft LOA",4678.4,40.92,6
2011,"fall","BER","Non-Pollock","S","<125 ft LOA",13.3,4.548,5
2011,"fall","BER","Non-Pollock","S",">= 125 ft LOA",0,24.279,8
2011,"fall","BER","Pollock","CP","<125 ft LOA",233,1.796,9
2011,"fall","BER","Pollock","CP",">= 125 ft LOA",166436.9,679.992,159
2011,"fall","BER","Pollock","M","<125 ft LOA",35132.5,286.62,25
2011,"fall","BER","Pollock","S","<125 ft LOA",57829,460.761,189
2011,"fall","BER","Pollock","S",">= 125 ft LOA",68338.2,502.211,183
2011,"fall","KOD","Non-Pollock","CP",">= 125 ft LOA",5127.6,17.548,4
2011,"fall","KOD","Non-Pollock","S","<125 ft LOA",1387.5,17.729,25
2011,"fall","KOD","Pollock","S","<125 ft LOA",2886.6,10.277,29
2011,"fall","PWS","Non-Pollock","S","<125 ft LOA",4714.7,45.64,67
2011,"fall","PWS","Pollock","S","<125 ft LOA",3934.6,12.495,40
2011,"spring","ALEUT","Non-Pollock","CP",">= 125 ft LOA",25581,91.272,26
2011,"spring","BER","Non-Pollock","CP","<125 ft LOA",9807.3,60.772,30
2011,"spring","BER","Non-Pollock","CP",">= 125 ft LOA",52431.2,203.528,81
2011,"spring","BER","Non-Pollock","S","<125 ft LOA",480,9.303,25
2011,"spring","BER","Non-Pollock","S",">= 125 ft LOA",82.9,1.99,5
2011,"spring","BER","Pollock","CP",">= 125 ft LOA",9154.5,16.683,23
2011,"spring","BER","Pollock","S","<125 ft LOA",12115.7,48.554,42
2011,"spring","BER","Pollock","S",">= 125 ft LOA",6671.9,13.54,13
2011,"spring","PWS","Non-Pollock","S","<125 ft LOA",4297.2,33.959,33
2011,"summer","ALEUT","Non-Pollock","CP",">= 125 ft LOA",15627.1,42.274,17
2011,"summer","ALEUT","Non-Pollock","M",">= 125 ft LOA",1181.5,5.963,4
2011,"summer","APEN","Non-Pollock","CP",">= 125 ft LOA",5442.6,22.037,9
2011,"summer","BER","Non-Pollock","CP","<125 ft LOA",9075.6,79.82,36
2011,"summer","BER","Non-Pollock","CP",">= 125 ft LOA",32375.6,176.613,69
2011,"summer","BER","Non-Pollock","S","<125 ft LOA",303.8,5.816,13
2011,"summer","BER","Pollock","CP","<125 ft LOA",467.9,3.81,12
2011,"summer","BER","Pollock","CP",">= 125 ft LOA",154432.6,293.792,68
2011,"summer","BER","Pollock","M","<125 ft LOA",30693.1,135.674,13
2011,"summer","BER","Pollock","S","<125 ft LOA",74178.6,295.289,203
2011,"summer","BER","Pollock","S",">= 125 ft LOA",86496.7,257.407,130
2011,"summer","KOD","Non-Pollock","CP",">= 125 ft LOA",4151.5,18.713,6
2011,"summer","PWS","Non-Pollock","CP",">= 125 ft LOA",3206.2,9.785,7
2011,"summer","PWS","Non-Pollock","S","<125 ft LOA",2280.1,20.233,19
2011,"winter","ALEUT","Non-Pollock","CP",">= 125 ft LOA",16412.6,38.81,20
2011,"winter","ALEUT","Non-Pollock","M","<125 ft LOA",2012.4,17.166,4
2011,"winter","ALEUT","Non-Pollock","S","<125 ft LOA",1145.3,8.003,6
2011,"winter","ALEUT","Non-Pollock","S",">= 125 ft LOA",1553.7,12.635,8
2011,"winter","BER","Non-Pollock","CP","<125 ft LOA",15342.8,64.786,32
2011,"winter","BER","Non-Pollock","CP",">= 125 ft LOA",102222.4,279.864,126
2011,"winter","BER","Non-Pollock","M",">= 125 ft LOA",6311,33.854,8
2011,"winter","BER","Non-Pollock","S","<125 ft LOA",15474.2,130.164,96
2011,"winter","BER","Non-Pollock","S",">= 125 ft LOA",748.9,8.803,10
2011,"winter","BER","Pollock","CP",">= 125 ft LOA",232438.7,331.428,145
2011,"winter","BER","Pollock","M","<125 ft LOA",43573.7,111.95,28
2011,"winter","BER","Pollock","S","<125 ft LOA",78093.9,151.416,169
2011,"winter","BER","Pollock","S",">= 125 ft LOA",111654.7,178.127,172
2011,"winter","KOD","Non-Pollock","S","<125 ft LOA",526.8,11.944,12
2011,"winter","KOD","Pollock","S","<125 ft LOA",11735.7,24.127,41
2011,"winter","PWS","Non-Pollock","S","<125 ft LOA",1753.3,30.809,42
2011,"winter","PWS","Pollock","S","<125 ft LOA",2129.9,2.533,24
2011,"winter","YAK","Pollock","S","<125 ft LOA",769.6,2.878,4
2012,"fall","ALEUT","Non-Pollock","CP",">= 125 ft LOA",27463.1,159.087,28
2012,"fall","APEN","Pollock","S","<125 ft LOA",2075.6,15.803,9
2012,"fall","BER","Non-Pollock","CP","<125 ft LOA",16913.8,129.914,44
2012,"fall","BER","Non-Pollock","CP",">= 125 ft LOA",70673.4,378.301,115
2012,"fall","BER","Non-Pollock","M",">= 125 ft LOA",5626,44.607,7
2012,"fall","BER","Non-Pollock","S","<125 ft LOA",86.1,53.861,19
2012,"fall","BER","Pollock","CP","<125 ft LOA",187.4,1.755,6
2012,"fall","BER","Pollock","CP",">= 125 ft LOA",137194.7,267.687,59
2012,"fall","BER","Pollock","M","<125 ft LOA",21071.2,106.545,13
2012,"fall","BER","Pollock","S","<125 ft LOA",48243.8,318.427,146
2012,"fall","BER","Pollock","S",">= 125 ft LOA",87812.8,450.639,146
2012,"fall","KOD","Non-Pollock","CP",">= 125 ft LOA",3192.4,10.855,4
2012,"fall","KOD","Non-Pollock","S","<125 ft LOA",1438.6,20.186,30
2012,"fall","KOD","Pollock","S","<125 ft LOA",2676.4,12.205,28
2012,"fall","PWS","Non-Pollock","CP",">= 125 ft LOA",1391.5,7.656,4
2012,"fall","PWS","Non-Pollock","S","<125 ft LOA",4263,57.949,53
2012,"fall","PWS","Pollock","S","<125 ft LOA",6402.1,32.503,49
2012,"spring","ALEUT","Non-Pollock","CP",">= 125 ft LOA",11946.4,51.713,16
2012,"spring","BER","Non-Pollock","CP","<125 ft LOA",10068.9,47.59,28
2012,"spring","BER","Non-Pollock","CP",">= 125 ft LOA",57474.2,141.495,81
2012,"spring","BER","Non-Pollock","S","<125 ft LOA",2043.8,42.751,38
2012,"spring","BER","Non-Pollock","S",">= 125 ft LOA",770.4,11.957,5
2012,"spring","BER","Pollock","CP",">= 125 ft LOA",523,2.668,9
2012,"spring","BER","Pollock","S","<125 ft LOA",9466.2,29.909,31
2012,"spring","BER","Pollock","S",">= 125 ft LOA",2354,5.028,7
2012,"spring","KOD","Non-Pollock","S","<125 ft LOA",442.8,3.999,9
2012,"spring","PWS","Non-Pollock","S","<125 ft LOA",5679.2,48.941,38
2012,"summer","ALEUT","Non-Pollock","CP",">= 125 ft LOA",22687.3,84.328,25
2012,"summer","ALEUT","Non-Pollock","M",">= 125 ft LOA",1956.3,9.66,4
2012,"summer","APEN","Non-Pollock","CP",">= 125 ft LOA",5130.6,22.444,12
2012,"summer","BER","Non-Pollock","CP","<125 ft LOA",7461.8,56.477,19
2012,"summer","BER","Non-Pollock","CP",">= 125 ft LOA",30816.1,173.906,54
2012,"summer","BER","Pollock","CP","<125 ft LOA",77.1,0.596,4
2012,"summer","BER","Pollock","CP",">= 125 ft LOA",190968.4,277.957,57
2012,"summer","BER","Pollock","M","<125 ft LOA",42616.2,192.91,17
2012,"summer","BER","Pollock","S","<125 ft LOA",78714.5,368.433,191
2012,"summer","BER","Pollock","S",">= 125 ft LOA",85579.4,251.241,103
2012,"summer","KOD","Non-Pollock","CP",">= 125 ft LOA",2478.7,6.442,4
2012,"summer","PWS","Non-Pollock","CP",">= 125 ft LOA",5133.8,14.989,7
2012,"summer","PWS","Non-Pollock","S","<125 ft LOA",3987.8,41.852,27
2012,"winter","ALEUT","Non-Pollock","CP",">= 60 ft LOA",4165.3,20.883,9
2012,"winter","ALEUT","Non-Pollock","S",">= 60 ft LOA",2157.2,14.877,7
2012,"winter","APEN","Non-Pollock","S","<60 ft LOA",202.3,4.541,8
2012,"winter","APEN","Pollock","S","<60 ft LOA",448.3,8.501,13
2012,"winter","BER","Non-Pollock","CP","<125 ft LOA",1089.9,10.136,6
2012,"winter","BER","Non-Pollock","CP",">= 125 ft LOA",17156.3,113.574,32
2012,"winter","BER","Non-Pollock","CP",">= 60 ft LOA",96142.2,230.947,127
2012,"winter","BER","Non-Pollock","M",">= 60 ft LOA",6957.4,19.908,11
2012,"winter","BER","Non-Pollock","S",">= 60 ft LOA",25267.4,300.72,171
2012,"winter","BER","Pollock","CP",">= 60 ft LOA",235564.2,369.333,137
2012,"winter","BER","Pollock","M",">= 60 ft LOA",42744.9,141.935,25
2012,"winter","BER","Pollock","S",">= 60 ft LOA",180988.3,267.853,342
2012,"winter","KOD","Non-Pollock","S","<60 ft LOA",312.6,4.293,4
2012,"winter","KOD","Pollock","S",">= 60 ft LOA",4902.4,12.564,34
2012,"winter","PWS","Non-Pollock","S","<125 ft LOA",508.8,4.345,7
2012,"winter","PWS","Non-Pollock","S",">= 60 ft LOA",1065.7,10.606,14
2012,"winter","PWS","Pollock","S",">= 60 ft LOA",1793.4,2.568,17
2013,"fall","ALEUT","Non-Pollock","CP",">= 60 ft LOA",11312.9,44.929,21
2013,"fall","APEN","Pollock","S","<60 ft LOA",34.1,0.984,4
2013,"fall","BER","Non-Pollock","CP",">= 60 ft LOA",100366.1,582.15,175
2013,"fall","BER","Non-Pollock","M",">= 60 ft LOA",5080.2,36.848,8
2013,"fall","BER","Pollock","CP",">= 60 ft LOA",147892.5,221.544,94
2013,"fall","BER","Pollock","M",">= 60 ft LOA",25598.9,108.18,9
2013,"fall","BER","Pollock","S",">= 60 ft LOA",136930.5,625.789,278
2013,"fall","KOD","Non-Pollock","CP",">= 60 ft LOA",1068.4,5.035,4
2013,"fall","KOD","Pollock","S",">= 60 ft LOA",2533.8,10.467,21
2013,"fall","PWS","Non-Pollock","CP",">= 60 ft LOA",2905.4,45.987,6
2013,"fall","PWS","Non-Pollock","S",">= 60 ft LOA",2222.3,22.804,28
2013,"fall","PWS","Pollock","S",">= 60 ft LOA",1758.7,11.109,16
2013,"spring","ALEUT","Non-Pollock","CP",">= 60 ft LOA",11616,47.989,23
2013,"spring","BER","Non-Pollock","CP",">= 60 ft LOA",65609.7,210.72,115
2013,"spring","BER","Non-Pollock","M",">= 60 ft LOA",6515.3,25.123,4
2013,"spring","BER","Non-Pollock","S",">= 60 ft LOA",2280.6,32.803,27
2013,"spring","BER","Pollock","CP",">= 60 ft LOA",7236.7,10.318,27
2013,"spring","BER","Pollock","S",">= 60 ft LOA",27936.8,43.716,58
2013,"spring","KOD","Non-Pollock","S",">= 60 ft LOA",286.4,2.042,4
2013,"spring","PWS","Non-Pollock","S",">= 60 ft LOA",4292.2,47.874,32
2013,"summer","ALEUT","Non-Pollock","CP",">= 60 ft LOA",17073.2,61.518,28
2013,"summer","ALEUT","Non-Pollock","M",">= 60 ft LOA",2189.6,10.918,6
2013,"summer","APEN","Non-Pollock","CP",">= 60 ft LOA",3425.8,12.724,9
2013,"summer","BER","Non-Pollock","CP",">= 60 ft LOA",32774.3,230.577,82
2013,"summer","BER","Non-Pollock","S",">= 60 ft LOA",0,2.311,4
2013,"summer","BER","Pollock","CP",">= 60 ft LOA",199952.2,238.486,60
2013,"summer","BER","Pollock","M",">= 60 ft LOA",31110.2,135.424,15
2013,"summer","BER","Pollock","S",">= 60 ft LOA",185105.2,513.741,288
2013,"summer","KOD","Non-Pollock","CP",">= 60 ft LOA",3684.9,15.153,8
2013,"summer","KOD","Non-Pollock","S",">= 60 ft LOA",443.6,4.947,5
2013,"summer","PWS","Non-Pollock","CP",">= 60 ft LOA",4704.1,18.834,9
2013,"summer","PWS","Non-Pollock","S",">= 60 ft LOA",3771.8,25.524,23
2013,"winter","ALEUT","Non-Pollock","CP",">= 60 ft LOA",7573,16.867,15
2013,"winter","ALEUT","Non-Pollock","M",">= 60 ft LOA",3158.9,15.632,6
2013,"winter","ALEUT","Non-Pollock","S",">= 60 ft LOA",1322,1.14,4
2013,"winter","APEN","Non-Pollock","S","<60 ft LOA",180.4,5.284,13
2013,"winter","BER","Non-Pollock","CP",">= 60 ft LOA",125185.6,606.049,209
2013,"winter","BER","Non-Pollock","M",">= 60 ft LOA",5566.3,49.072,10
2013,"winter","BER","Non-Pollock","S",">= 60 ft LOA",24282.2,301.124,136
2013,"winter","BER","Pollock","CP",">= 60 ft LOA",236707.5,261.834,130
2013,"winter","BER","Pollock","M",">= 60 ft LOA",44636.6,101.303,21
2013,"winter","BER","Pollock","S",">= 60 ft LOA",188368.2,262.327,276
2013,"winter","KOD","Non-Pollock","CP",">= 60 ft LOA",2700.1,16.299,4
2013,"winter","KOD","Pollock","S","<60 ft LOA",595.2,2.026,5
2013,"winter","KOD","Pollock","S",">= 60 ft LOA",7452.6,22.729,37
2013,"winter","PWS","Non-Pollock","CP",">= 60 ft LOA",1228.8,27.119,4
2013,"winter","PWS","Non-Pollock","S",">= 60 ft LOA",1523.4,27.099,19
2013,"winter","PWS","Pollock","S","<60 ft LOA",210.7,1.636,5
2013,"winter","PWS","Pollock","S",">= 60 ft LOA",1530.7,9.547,21
2014,"fall","ALEUT","Non-Pollock","CP",">= 60 ft LOA",13732.1,41.455,21
2014,"fall","APEN","Non-Pollock","CP",">= 60 ft LOA",3230.7,10.435,7
2014,"fall","APEN","Pollock","S","<60 ft LOA",1085.4,18.657,19
2014,"fall","BER","Non-Pollock","CP",">= 60 ft LOA",80597.4,453.084,144
2014,"fall","BER","Non-Pollock","M",">= 60 ft LOA",5077.7,33.688,6
2014,"fall","BER","Non-Pollock","S",">= 60 ft LOA",44.5,30.258,11
2014,"fall","BER","Pollock","CP",">= 60 ft LOA",146085.7,272.637,69
2014,"fall","BER","Pollock","M",">= 60 ft LOA",30222.3,139.8,12
2014,"fall","BER","Pollock","S",">= 60 ft LOA",139623,529.249,181
2014,"fall","KOD","Non-Pollock","CP",">= 60 ft LOA",9868.9,34.422,11
2014,"fall","KOD","Pollock","S",">= 60 ft LOA",3248.5,11.992,27
2014,"fall","PWS","Non-Pollock","CP",">= 60 ft LOA",1985.8,28.803,8
2014,"fall","PWS","Non-Pollock","S",">= 60 ft LOA",3016.7,28.877,32
2014,"fall","PWS","Pollock","S",">= 60 ft LOA",3330.8,12.592,35
2014,"spring","ALEUT","Non-Pollock","CP",">= 60 ft LOA",4688.9,18.166,14
2014,"spring","APEN","Pollock","S","<60 ft LOA",187.3,3.796,7
2014,"spring","BER","Non-Pollock","CP",">= 60 ft LOA",67182.4,296.369,100
2014,"spring","BER","Non-Pollock","M",">= 60 ft LOA",4500,32.878,7
2014,"spring","BER","Non-Pollock","S",">= 60 ft LOA",1549.7,23.165,18
2014,"spring","BER","Pollock","CP",">= 60 ft LOA",1874.8,12.316,22
2014,"spring","BER","Pollock","S",">= 60 ft LOA",24087.7,39.594,69
2014,"spring","KOD","Non-Pollock","CP",">= 60 ft LOA",5067.5,41.161,4
2014,"spring","KOD","Non-Pollock","S",">= 60 ft LOA",1307.7,10.481,14
2014,"spring","PWS","Non-Pollock","S",">= 60 ft LOA",5656.6,45.866,25
2014,"summer","ALEUT","Non-Pollock","CP",">= 60 ft LOA",16911.7,53.864,27
2014,"summer","BER","Non-Pollock","CP",">= 60 ft LOA",39344.8,254.363,73
2014,"summer","BER","Pollock","CP",">= 60 ft LOA",206353.8,332.129,91
2014,"summer","BER","Pollock","M",">= 60 ft LOA",36891.6,136.308,17
2014,"summer","BER","Pollock","S",">= 60 ft LOA",185976.9,682.895,296
2014,"summer","KOD","Non-Pollock","CP",">= 60 ft LOA",3207.6,13.396,9
2014,"summer","KOD","Non-Pollock","S",">= 60 ft LOA",270.2,3.977,5
2014,"summer","PWS","Non-Pollock","CP",">= 60 ft LOA",5319.3,42.226,10
2014,"summer","PWS","Non-Pollock","S",">= 60 ft LOA",2857.8,32.632,22
2014,"winter","ALEUT","Non-Pollock","CP",">= 60 ft LOA",14078,20.512,33
2014,"winter","ALEUT","Non-Pollock","M",">= 60 ft LOA",4776.3,22.656,7
2014,"winter","APEN","Non-Pollock","S","<60 ft LOA",423.8,10.542,18
2014,"winter","APEN","Pollock","S","<60 ft LOA",353.1,4.911,5
2014,"winter","BER","Non-Pollock","CP",">= 60 ft LOA",99377.2,590.79,203
2014,"winter","BER","Non-Pollock","M",">= 60 ft LOA",4345.2,46.957,17
2014,"winter","BER","Non-Pollock","S",">= 60 ft LOA",14909.7,209.505,136
2014,"winter","BER","Pollock","CP",">= 60 ft LOA",239448.3,291.075,126
2014,"winter","BER","Pollock","M",">= 60 ft LOA",45701.5,106.949,20
2014,"winter","BER","Pollock","S",">= 60 ft LOA",203941.5,255.32,392
2014,"winter","KOD","Non-Pollock","S",">= 60 ft LOA",266.7,3.4,5
2014,"winter","KOD","Pollock","S","<60 ft LOA",629,3.807,5
2014,"winter","KOD","Pollock","S",">= 60 ft LOA",12167.9,33.082,62
2014,"winter","PWS","Non-Pollock","CP",">= 60 ft LOA",1911.5,55.53,5
2014,"winter","PWS","Non-Pollock","S",">= 60 ft LOA",1347.4,24.458,30
2014,"winter","PWS","Pollock","S","<60 ft LOA",238.5,1.326,5
2014,"winter","PWS","Pollock","S",">= 60 ft LOA",2032.4,10.537,27
2015,"fall","ALEUT","Non-Pollock","CP",">= 60 ft LOA",11060.8,24.827,23
2015,"fall","ALEUT","Non-Pollock","M",">= 60 ft LOA",1091.6,5.846,4
2015,"fall","APEN","Pollock","S","<60 ft LOA",5329.5,50.301,34
2015,"fall","BER","Non-Pollock","CP",">= 60 ft LOA",78908.1,526.596,138
2015,"fall","BER","Non-Pollock","M",">= 60 ft LOA",10069.5,92.935,21
2015,"fall","BER","Non-Pollock","S",">= 60 ft LOA",247.1,3.204,4
2015,"fall","BER","Pollock","CP",">= 60 ft LOA",156936.2,260.089,55
2015,"fall","BER","Pollock","M",">= 60 ft LOA",35132.5,128.492,13
2015,"fall","BER","Pollock","S",">= 60 ft LOA",169343.9,358.526,221
2015,"fall","KOD","Non-Pollock","CP",">= 60 ft LOA",5481.1,29.586,11
2015,"fall","KOD","Pollock","S","<60 ft LOA",290.5,3.127,5
2015,"fall","KOD","Pollock","S",">= 60 ft LOA",1016.4,6.6,16
2015,"fall","PWS","Non-Pollock","CP",">= 60 ft LOA",2282,21.159,9
2015,"fall","PWS","Non-Pollock","S",">= 60 ft LOA",1446.1,13.763,22
2015,"fall","PWS","Pollock","S","<60 ft LOA",585.6,3.51,6
2015,"fall","PWS","Pollock","S",">= 60 ft LOA",9738.4,44.777,56
2015,"spring","ALEUT","Non-Pollock","CP",">= 60 ft LOA",6629.7,19.947,16
2015,"spring","ALEUT","Non-Pollock","M",">= 60 ft LOA",1726.3,5.183,6
2015,"spring","APEN","Non-Pollock","CP",">= 60 ft LOA",112.2,1.151,4
2015,"spring","BER","Non-Pollock","CP",">= 60 ft LOA",54742.4,363.373,102
2015,"spring","BER","Non-Pollock","M",">= 60 ft LOA",1693.6,12.401,6
2015,"spring","BER","Non-Pollock","S",">= 60 ft LOA",1076.9,21.204,18
2015,"spring","BER","Pollock","CP",">= 60 ft LOA",1321.1,7.466,13
2015,"spring","BER","Pollock","S",">= 60 ft LOA",10218.6,22.631,41
2015,"spring","KOD","Non-Pollock","CP",">= 60 ft LOA",5351.7,43.45,5
2015,"spring","KOD","Non-Pollock","S",">= 60 ft LOA",672.1,11.28,10
2015,"spring","KOD","Pollock","S",">= 60 ft LOA",4770,13.87,24
2015,"spring","PWS","Non-Pollock","CP",">= 60 ft LOA",840.3,18.397,4
2015,"spring","PWS","Non-Pollock","S",">= 60 ft LOA",4736.9,50.505,27
2015,"spring","PWS","Pollock","S",">= 60 ft LOA",170.4,1.29,5
2015,"summer","ALEUT","Non-Pollock","CP",">= 60 ft LOA",23582.1,74.706,35
2015,"summer","ALEUT","Non-Pollock","M",">= 60 ft LOA",1238.7,9.817,8
2015,"summer","APEN","Non-Pollock","CP",">= 60 ft LOA",2150.5,11.242,6
2015,"summer","BER","Non-Pollock","CP",">= 60 ft LOA",28516.8,235.593,59
2015,"summer","BER","Pollock","CP",">= 60 ft LOA",203714.5,268.804,70
2015,"summer","BER","Pollock","M",">= 60 ft LOA",34538.2,112.067,15
2015,"summer","BER","Pollock","S",">= 60 ft LOA",172329.9,439.442,230
2015,"summer","KOD","Non-Pollock","CP",">= 60 ft LOA",2059.6,14.359,5
2015,"summer","KOD","Non-Pollock","S",">= 60 ft LOA",383.4,4.219,7
2015,"summer","PWS","Non-Pollock","CP",">= 60 ft LOA",3639.1,29.891,10
2015,"summer","PWS","Non-Pollock","S",">= 60 ft LOA",2835.2,33.737,12
2015,"winter","ALEUT","Non-Pollock","CP",">= 60 ft LOA",17270.2,43.299,43
2015,"winter","ALEUT","Non-Pollock","M",">= 60 ft LOA",7953.5,45.126,16
2015,"winter","APEN","Non-Pollock","S","<60 ft LOA",1003.4,24.091,24
2015,"winter","APEN","Pollock","S","<60 ft LOA",2233.4,20.251,19
2015,"winter","BER","Non-Pollock","CP",">= 60 ft LOA",88541.9,605.782,192
2015,"winter","BER","Non-Pollock","M",">= 60 ft LOA",3279.7,42.331,26
2015,"winter","BER","Non-Pollock","S",">= 60 ft LOA",16302.5,178.553,132
2015,"winter","BER","Pollock","CP",">= 60 ft LOA",238579.4,337.729,152
2015,"winter","BER","Pollock","M",">= 60 ft LOA",46402.8,89.774,29
2015,"winter","BER","Pollock","S",">= 60 ft LOA",203841.8,262.108,388
2015,"winter","KOD","Non-Pollock","S",">= 60 ft LOA",220.2,2.854,4
2015,"winter","KOD","Pollock","S","<60 ft LOA",443.4,3.961,7
2015,"winter","KOD","Pollock","S",">= 60 ft LOA",7302.9,24.04,38
2015,"winter","PWS","Non-Pollock","S",">= 60 ft LOA",2461.2,23.514,33
2015,"winter","PWS","Pollock","S","<60 ft LOA",585.7,1.504,5
2015,"winter","PWS","Pollock","S",">= 60 ft LOA",5637.2,12.51,36
2016,"fall","ALEUT","Non-Pollock","CP",">= 60 ft LOA",20270.7,66.396,28
2016,"fall","ALEUT","Non-Pollock","M",">= 60 ft LOA",2853.2,15.488,7
2016,"fall","APEN","Pollock","S","<60 ft LOA",7451.9,50.608,37
2016,"fall","APEN","Pollock","S",">= 60 ft LOA",2478.3,11.709,9
2016,"fall","BER","Non-Pollock","CP",">= 60 ft LOA",76773.3,594.42,149
2016,"fall","BER","Non-Pollock","M",">= 60 ft LOA",3430.7,45.124,17
2016,"fall","BER","Non-Pollock","S",">= 60 ft LOA",235.4,8.882,11
2016,"fall","BER","Pollock","CP",">= 60 ft LOA",179159.8,268.245,79
2016,"fall","BER","Pollock","M",">= 60 ft LOA",42912.2,94.422,10
2016,"fall","BER","Pollock","S",">= 60 ft LOA",153948.3,205.791,159
2016,"fall","KOD","Non-Pollock","CP",">= 60 ft LOA",3153,30.008,9
2016,"fall","KOD","Non-Pollock","S",">= 60 ft LOA",44,1.508,4
2016,"fall","KOD","Pollock","S",">= 60 ft LOA",3786.7,14.031,24
2016,"fall","PWS","Non-Pollock","CP",">= 60 ft LOA",2418.2,56.318,8
2016,"fall","PWS","Non-Pollock","S",">= 60 ft LOA",1277.3,15.143,16
2016,"fall","PWS","Pollock","S",">= 60 ft LOA",13523.7,51.698,75
2016,"spring","ALEUT","Non-Pollock","CP",">= 60 ft LOA",7074.2,21.727,22
2016,"spring","BER","Non-Pollock","CP",">= 60 ft LOA",61609.4,474.225,95
2016,"spring","BER","Non-Pollock","M",">= 60 ft LOA",11009.8,128.981,23
2016,"spring","BER","Non-Pollock","S",">= 60 ft LOA",1134.4,22.519,20
2016,"spring","BER","Pollock","CP",">= 60 ft LOA",4560,7.831,8
2016,"spring","BER","Pollock","S",">= 60 ft LOA",24065.2,37.518,72
2016,"spring","KOD","Non-Pollock","S",">= 60 ft LOA",253.3,6.166,6
2016,"spring","KOD","Pollock","S",">= 60 ft LOA",1549.5,4.742,10
2016,"spring","PWS","Non-Pollock","S",">= 60 ft LOA",9444.9,81.463,48
2016,"summer","ALEUT","Non-Pollock","CP",">= 60 ft LOA",20494.5,57.4,32
2016,"summer","ALEUT","Non-Pollock","M",">= 60 ft LOA",1387.4,6.209,4
2016,"summer","APEN","Non-Pollock","CP",">= 60 ft LOA",2339.9,6.801,7
2016,"summer","BER","Non-Pollock","CP",">= 60 ft LOA",33356.5,291.936,75
2016,"summer","BER","Non-Pollock","M",">= 60 ft LOA",2040.8,32.438,10
2016,"summer","BER","Non-Pollock","S",">= 60 ft LOA",157.7,8.29,8
2016,"summer","BER","Pollock","CP",">= 60 ft LOA",188231.5,235.302,94
2016,"summer","BER","Pollock","M",">= 60 ft LOA",28717.7,66.324,7
2016,"summer","BER","Pollock","S",">= 60 ft LOA",189757.4,300.566,203
2016,"summer","KOD","Non-Pollock","CP",">= 60 ft LOA",3283.1,17.785,7
2016,"summer","KOD","Non-Pollock","S",">= 60 ft LOA",409.1,3.867,4
2016,"summer","PWS","Non-Pollock","CP",">= 60 ft LOA",6552.1,45.521,9
2016,"summer","PWS","Non-Pollock","S",">= 60 ft LOA",3759.3,28.405,17
2016,"winter","ALEUT","Non-Pollock","CP",">= 60 ft LOA",18891.9,49.514,28
2016,"winter","ALEUT","Non-Pollock","M",">= 60 ft LOA",4982.1,23.667,7
2016,"winter","APEN","Non-Pollock","S","<60 ft LOA",733.8,15.472,15
2016,"winter","APEN","Pollock","S","<60 ft LOA",819,4.069,9
2016,"winter","BER","Non-Pollock","CP",">= 60 ft LOA",79887.1,451.99,151
2016,"winter","BER","Non-Pollock","M",">= 60 ft LOA",13354.1,87.066,41
2016,"winter","BER","Non-Pollock","S",">= 60 ft LOA",15480.6,143.214,99
2016,"winter","BER","Pollock","CP",">= 60 ft LOA",260443.5,283.149,160
2016,"winter","BER","Pollock","M",">= 60 ft LOA",42953.4,76.559,18
2016,"winter","BER","Pollock","S",">= 60 ft LOA",215883.4,192.114,294
2016,"winter","KOD","Non-Pollock","CP",">= 60 ft LOA",858.8,16.597,6
2016,"winter","KOD","Non-Pollock","S",">= 60 ft LOA",179.1,3.429,6
2016,"winter","KOD","Pollock","S",">= 60 ft LOA",9924.3,23.398,47
2016,"winter","PWS","Non-Pollock","CP",">= 60 ft LOA",742.4,25.38,5
2016,"winter","PWS","Non-Pollock","S",">= 60 ft LOA",589.6,6.612,10
2016,"winter","PWS","Pollock","S",">= 60 ft LOA",3880.5,10.456,25
2017,"fall","ALEUT","Non-Pollock","CP",">= 60 ft LOA",38508.4,188.165,34
2017,"fall","ALEUT","Non-Pollock","M",">= 60 ft LOA",3964.2,32.575,9
2017,"fall","APEN","Non-Pollock","CP",">= 60 ft LOA",1804.2,8.489,4
2017,"fall","APEN","Pollock","S","<60 ft LOA",3367.4,21.948,28
2017,"fall","APEN","Pollock","S",">= 60 ft LOA",3735.5,15.15,12
2017,"fall","BER","Non-Pollock","CP",">= 60 ft LOA",72055.1,526.998,128
2017,"fall","BER","Non-Pollock","M",">= 60 ft LOA",2716.9,42.617,17
2017,"fall","BER","Non-Pollock","S",">= 60 ft LOA",77.7,8.241,15
2017,"fall","BER","Pollock","CP",">= 60 ft LOA",150723.6,206.68,68
2017,"fall","BER","Pollock","M",">= 60 ft LOA",29211,93.168,8
2017,"fall","BER","Pollock","S",">= 60 ft LOA",140300.3,347.479,203
2017,"fall","KOD","Non-Pollock","CP",">= 60 ft LOA",8015.7,60.791,15
2017,"fall","KOD","Pollock","S",">= 60 ft LOA",3902.6,10.711,22
2017,"fall","PWS","Non-Pollock","CP",">= 60 ft LOA",5259.5,43.928,12
2017,"fall","PWS","Non-Pollock","S",">= 60 ft LOA",1348.3,11.256,13
2017,"fall","PWS","Pollock","S",">= 60 ft LOA",8195.1,18.564,39
2017,"spring","ALEUT","Non-Pollock","CP",">= 60 ft LOA",12552.2,55.525,15
2017,"spring","BER","Non-Pollock","CP",">= 60 ft LOA",55231.4,406.28,120
2017,"spring","BER","Non-Pollock","M",">= 60 ft LOA",14226.9,122.69,31
2017,"spring","BER","Non-Pollock","S",">= 60 ft LOA",732.9,6.978,7
2017,"spring","BER","Pollock","CP",">= 60 ft LOA",11108.6,12.914,11
2017,"spring","BER","Pollock","S",">= 60 ft LOA",21795.3,30.323,37
2017,"spring","KOD","Non-Pollock","CP",">= 60 ft LOA",913.7,18.147,4
2017,"spring","PWS","Non-Pollock","S",">= 60 ft LOA",4667.2,36.837,27
2017,"summer","ALEUT","Non-Pollock","CP",">= 60 ft LOA",24027,85.435,26
2017,"summer","APEN","Non-Pollock","CP",">= 60 ft LOA",2254.1,6.226,5
2017,"summer","BER","Non-Pollock","CP",">= 60 ft LOA",39601.5,320.481,84
2017,"summer","BER","Non-Pollock","M",">= 60 ft LOA",2663.7,28.839,16
2017,"summer","BER","Pollock","CP",">= 60 ft LOA",196988.5,238.37,62
2017,"summer","BER","Pollock","M",">= 60 ft LOA",37453,120.334,11
2017,"summer","BER","Pollock","S",">= 60 ft LOA",201479.4,360.926,265
2017,"summer","KOD","Non-Pollock","CP",">= 60 ft LOA",9100.4,59.3,12
2017,"summer","KOD","Non-Pollock","S",">= 60 ft LOA",534.4,4.514,7
2017,"summer","PWS","Non-Pollock","CP",">= 60 ft LOA",3900.5,20.408,9
2017,"summer","PWS","Non-Pollock","S",">= 60 ft LOA",2092.5,23.97,18
2017,"winter","ALEUT","Non-Pollock","CP",">= 60 ft LOA",24482.7,88.215,36
2017,"winter","ALEUT","Non-Pollock","M",">= 60 ft LOA",3353.1,23.245,8
2017,"winter","ALEUT","Non-Pollock","S","<60 ft LOA",311.3,2.925,6
2017,"winter","ALEUT","Non-Pollock","S",">= 60 ft LOA",2517.5,14.11,7
2017,"winter","APEN","Non-Pollock","S","<60 ft LOA",405.9,6.671,8
2017,"winter","APEN","Pollock","S","<60 ft LOA",841,2.407,9
2017,"winter","BER","Non-Pollock","CP",">= 60 ft LOA",73764.9,513.453,189
2017,"winter","BER","Non-Pollock","M",">= 60 ft LOA",11423.6,109.155,42
2017,"winter","BER","Non-Pollock","S",">= 60 ft LOA",10997.7,142.536,106
2017,"winter","BER","Pollock","CP",">= 60 ft LOA",271578.4,211.586,121
2017,"winter","BER","Pollock","M",">= 60 ft LOA",52868.7,70.359,17
2017,"winter","BER","Pollock","S",">= 60 ft LOA",214627.2,161.567,265
2017,"winter","KOD","Non-Pollock","CP",">= 60 ft LOA",831.3,12.448,4
2017,"winter","KOD","Non-Pollock","S",">= 60 ft LOA",139.8,2.113,4
2017,"winter","KOD","Pollock","S","<60 ft LOA",935.4,2.031,9
2017,"winter","KOD","Pollock","S",">= 60 ft LOA",10060.5,12.06,53
2017,"winter","PWS","Non-Pollock","CP",">= 60 ft LOA",717.9,16.603,4
2017,"winter","PWS","Non-Pollock","S",">= 60 ft LOA",2650.5,13.096,17
2017,"winter","PWS","Pollock","S",">= 60 ft LOA",2241.5,10.049,18
2017,"winter","YAK","Pollock","S",">= 60 ft LOA",564.2,4.802,4
2018,"fall","ALEUT","Non-Pollock","CP",">= 60 ft LOA",36591.9,214.165,41
2018,"fall","ALEUT","Non-Pollock","M",">= 60 ft LOA",2725.8,46.376,8
2018,"fall","APEN","Non-Pollock","S","<60 ft LOA",251.4,3.96,6
2018,"fall","APEN","Pollock","S","<60 ft LOA",3419.4,23.77,29
2018,"fall","APEN","Pollock","S",">= 60 ft LOA",2983.7,12.323,14
2018,"fall","BER","Non-Pollock","CP",">= 60 ft LOA",73090.3,646.001,179
2018,"fall","BER","Non-Pollock","M",">= 60 ft LOA",3826.6,60.46,26
2018,"fall","BER","Non-Pollock","S",">= 60 ft LOA",171.9,6.171,5
2018,"fall","BER","Pollock","CP",">= 60 ft LOA",171224.8,293.394,74
2018,"fall","BER","Pollock","M",">= 60 ft LOA",30045.8,121.445,16
2018,"fall","BER","Pollock","S",">= 60 ft LOA",158942.6,599.549,213
2018,"fall","KOD","Non-Pollock","S",">= 60 ft LOA",92.9,8.988,4
2018,"fall","KOD","Pollock","S",">= 60 ft LOA",4059.5,10.156,28
2018,"fall","PWS","Non-Pollock","CP",">= 60 ft LOA",1733.5,31.175,4
2018,"fall","PWS","Non-Pollock","S",">= 60 ft LOA",2689.8,39.701,35
2018,"fall","PWS","Pollock","S",">= 60 ft LOA",6663.8,33.846,45
2018,"spring","ALEUT","Non-Pollock","CP",">= 60 ft LOA",7726.9,35.068,12
2018,"spring","BER","Non-Pollock","CP",">= 60 ft LOA",74321.9,530.295,102
2018,"spring","BER","Non-Pollock","M",">= 60 ft LOA",11279.1,93.167,18
2018,"spring","BER","Non-Pollock","S",">= 60 ft LOA",1849.2,6.761,12
2018,"spring","BER","Pollock","CP",">= 60 ft LOA",7612.9,5.879,14
2018,"spring","BER","Pollock","S",">= 60 ft LOA",31254.8,48.425,67
2018,"spring","KOD","Non-Pollock","S",">= 60 ft LOA",370,4.94,5
2018,"spring","PWS","Non-Pollock","S",">= 60 ft LOA",7294.8,44.539,27
2018,"summer","ALEUT","Non-Pollock","CP",">= 60 ft LOA",29891.3,115.607,32
2018,"summer","ALEUT","Non-Pollock","M",">= 60 ft LOA",2902.8,17.424,8
2018,"summer","APEN","Non-Pollock","CP",">= 60 ft LOA",2976.6,12.85,6
2018,"summer","BER","Non-Pollock","CP",">= 60 ft LOA",38834.8,302.947,68
2018,"summer","BER","Non-Pollock","S",">= 60 ft LOA",145.2,9.632,9
2018,"summer","BER","Pollock","CP",">= 60 ft LOA",172750.2,237.142,72
2018,"summer","BER","Pollock","M",">= 60 ft LOA",37324.5,137.571,14
2018,"summer","BER","Pollock","S",">= 60 ft LOA",181506.5,597.826,274
2018,"summer","KOD","Non-Pollock","CP",">= 60 ft LOA",7885.8,41.723,9
2018,"summer","PWS","Non-Pollock","CP",">= 60 ft LOA",3452.7,21.434,7
2018,"summer","PWS","Non-Pollock","S",">= 60 ft LOA",2392.3,23.426,18
2018,"winter","ALEUT","Non-Pollock","CP",">= 60 ft LOA",4557.4,28.637,5
2018,"winter","BER","Non-Pollock","CP",">= 60 ft LOA",11775.9,115.752,23
2018,"winter","PWS","Non-Pollock","S",">= 60 ft LOA",988.6,11.975,10
