region,year,sector,season,stat_area,open_date,close_date
GOA,1991,,,610,1-Jan,15-Feb
GOA,1991,,,610,13-Jun,24-Jul
GOA,1991,,,WSA,21-Oct,25-Oct
GOA,1991,,,620,1-Jan,15-Feb
GOA,1991,,,620,13-Jun,24-Jul
GOA,1991,,,CSA,21-Oct,25-Oct
GOA,1991,,,"640,650",1-Jan,8-Apr
GOA,1992,,,610,20-Jan,10-Mar
GOA,1992,,,610,31-May,3-Jun
GOA,1992,,,610,29-Jun,30-Jun
GOA,1992,,,620,20-Jan,28-Jan
GOA,1992,,,620,31-May,17-Jun
GOA,1992,,,620,29-Jun,12-Jul
GOA,1992,,,620,28-Sep,8-Oct
GOA,1992,,,630,20-Jan,27-Feb
GOA,1992,,,630,31-May,12-Jun
GOA,1992,,,630,29-Jun,7-Jul
GOA,1992,,,630,28-Sep,5-Oct
GOA,1992,,,"640,650",Closed,Closed
GOA,1993,Inshore,,610,20-Jan,24-Mar
GOA,1993,Inshore,,610,1-Jun,14-Jun
GOA,1993,Inshore,,610,1-Jul,11-Jul
GOA,1993,Inshore,,610,1-Oct,3-Oct
GOA,1993,Inshore,,620,20-Jan,25-Feb
GOA,1993,Inshore,,620,1-Jun,18-Jun
GOA,1993,Inshore,,620,1-Jul,5-Jul
GOA,1993,Inshore,,620,9-Aug,10-Aug
GOA,1993,Inshore,,620,1-Oct,10-Oct
GOA,1993,Inshore,,630,20-Jan,25-Feb
GOA,1993,Inshore,,630,1-Jun,24-Jun
GOA,1993,Inshore,,630,1-Jul,20-Jul
GOA,1993,Inshore,,630,1-Oct,13-Oct
GOA,1993,Inshore,,"640,650",Closed,
GOA,1994,Offshore,,,Closed,
GOA,1994,Inshore,,610,20-Jan,4-Feb
GOA,1994,Inshore,,610,1-Jun,2-Jun
GOA,1994,Inshore,,610,1-Jul,2-Jul
GOA,1994,Inshore,,610,1-Oct,4-Oct
GOA,1994,Inshore,,620,20-Jan,9-Feb
GOA,1994,Inshore,,620,1-Jun,5-Jun
GOA,1994,Inshore,,620,1-Jul,15-Jul
GOA,1994,Inshore,,620,1-Oct,10-Oct
GOA,1994,Inshore,,630,20-Jan,18-Feb
GOA,1994,Inshore,,630,1-Jun,22-Jun
GOA,1994,Inshore,,630,1-Jul,15-Jul
GOA,1994,Inshore,,630,1-Oct,10-Oct
GOA,1994,Inshore,,"640,650",20-Jan,28-Mar
GOA,1994,Offshore,,,Closed,
GOA,1995,Inshore,,610,20-Jan,2-Feb
GOA,1995,Inshore,,610,1-Jun,2-Jun
GOA,1995,Inshore,,610,1-Jul,2-Jul
GOA,1995,Inshore,,610,1-Oct,1-Oct
GOA,1995,Inshore,,620,20-Jan,24-Jan
GOA,1995,Inshore,,620,8-Feb,10-Feb
GOA,1995,Inshore,,620,1-Jun,5-Jun
GOA,1995,Inshore,,620,1-Jul,6-Jul
GOA,1995,Inshore,,620,1-Oct,2-Oct
GOA,1995,Inshore,,630,20-Jan,24-Jan
GOA,1995,Inshore,,630,1-Jun,5-Jun
GOA,1995,Inshore,,630,1-Jul,5-Jul
GOA,1995,Inshore,,630,1-Oct,4-Oct
GOA,1995,Inshore,,"640,650",20-Jan,27-Feb
GOA,1995,Offshore,,,Closed,
GOA,1996,Inshore,,610,20-Jan,28-Jan
GOA,1996,Inshore,,610,1-Jun,1-Jun
GOA,1996,Inshore,,610,1-Sep,18-Sep
GOA,1996,Inshore,,620,20-Jan,29-Jan
GOA,1996,Inshore,,620,1-Jun,1-Jun
GOA,1996,Inshore,,620,1-Sep,19-Sep
GOA,1996,Inshore,,620,5-Oct,13-Oct
GOA,1996,Inshore,,630,20-Jan,23-Jan
GOA,1996,Inshore,,630,29-Jan,2-Feb
GOA,1996,Inshore,,630,1-Jun,1-Jun
GOA,1996,Inshore,,630,1-Sep,3-Sep
GOA,1996,Inshore,,640,20-Jan,2-Dec
GOA,1996,Inshore,,650,20-Jan,2-Dec
GOA,1996,Offshore,,,Closed,
GOA,1997,Inshore,,610,20-Jan,26-Jan
GOA,1997,Inshore,,610,1-Jun,2-Jun
GOA,1997,Inshore,,610,1-Sep,7-Sep
GOA,1997,Inshore,,620,20-Jan,7-Feb
GOA,1997,Inshore,,620,1-Jun,8-Jun
GOA,1997,Inshore,,620,1-Sep,21-Sep
GOA,1997,Inshore,,630,20-Jan,4-Feb
GOA,1997,Inshore,,630,1-Jun,9-Jun
GOA,1997,Inshore,,630,1-Sep,12-Sep
GOA,1997,Inshore,,640,20-Jan,2-Mar
GOA,1997,Inshore,,650,20-Jan,2-Mar
GOA,1997,Offshore,,"640,650",Closed,
GOA,1998,Inshore,,610,20-Jan,26-Jan
GOA,1998,Inshore,,610,1-Jun,3-Jun
GOA,1998,Inshore,,610,8-Jun,19-Jun
GOA,1998,Inshore,,610,1-Sep,2-Sep
GOA,1998,Inshore,,610,9-Sep,14-Sep
GOA,1998,Inshore,,610,24-Sep,25-Sep
GOA,1998,Inshore,,620,20-Jan,2-Feb
GOA,1998,Inshore,,620,1-Jun,1-Jul
GOA,1998,Inshore,,620,1-Sep,12-Oct
GOA,1998,Inshore,,620,27-Oct,30-Oct
GOA,1998,Inshore,,630,20-Jan,2-Feb
GOA,1998,Inshore,,630,1-Jun,12-Jun
GOA,1998,Inshore,,630,1-Sep,16-Sep
GOA,1998,Inshore,,630,26-Sep,26-Sep
GOA,1998,Inshore,,640,20-Jan,9-Mar
GOA,1998,Inshore,,650,20-Jan,9-Mar
GOA,1998,Offshore               ,,,Closed,
GOA,1999,Inshore,,610,20-Jan,31-Jan
GOA,1999,Inshore,,610,1-Jun,7-Jun
GOA,1999,Inshore,,610,1-Sep,1-Sep
GOA,1999,Inshore,,610,14-Sep,20-Sep
GOA,1999,Inshore,,610,23-Sep,23-Sep
GOA,1999,Inshore,,620,20-Jan,17-Feb
GOA,1999,Inshore,,620,1-Jun,11-Jun
GOA,1999,Inshore,,620,1-Sep,2-Sep
GOA,1999,Inshore,,620,14-Sep,1-Oct
GOA,1999,Inshore,,620,6-Oct,12-Oct
GOA,1999,Inshore,,620,14-Oct,15-Oct
GOA,1999,Inshore,,630,20-Jan,27-Jan
GOA,1999,Inshore,,630,1-Jun,10-Jun
GOA,1999,Inshore,,630,1-Sep,2-Sep
GOA,1999,Inshore,,630,14-Sep,16-Sep
GOA,1999,Inshore,,630,21-Sep,24-Sep
GOA,1999,Inshore,,640,20-Jan,6-Mar
GOA,1999,Inshore,,650,20-Jan,6-Mar
GOA,1999,Offshore,,,Closed,
GOA,2000,Inshore,,610,20-Jan,31-Jan
GOA,2000,Inshore,,610,15-Mar,18-Mar
GOA,2000,Inshore,,610,20-Aug,15-Sep
GOA,2000,Inshore,,610,1-Oct,1-Nov
GOA,2000,Inshore,,620,20-Jan,27-Jan
GOA,2000,Inshore,,620,15-Mar,15-Mar
GOA,2000,Inshore,,620,20-Aug,15-Sep
GOA,2000,Inshore,,620,1-Oct,1-Nov
GOA,2000,Inshore,,630,20-Jan,25-Jan
GOA,2000,Inshore,,630,15-Mar,17-Mar
GOA,2000,Inshore,,630,20-Aug,29-Aug
GOA,2000,Inshore,,630,1-Oct,1-Nov
GOA,2000,Inshore,,640,20-Jan,28-Mar
GOA,2000,Offshore,,,1-Apr,1-Nov
GOA,2000,Shelikof,,,20-Jan,10-Feb
GOA,2000,Shelikof,,,15-Mar,25-Mar
GOA,2001,Inshore,,610,20-Jan,29-Jan
GOA,2001,Inshore,,610,15-Mar,16-Mar
GOA,2001,Inshore,,610,21-Mar,21-Mar
GOA,2001,Inshore,,610,20-Aug,7-Sep
GOA,2001,Inshore,,610,1-Oct,13-Oct
GOA,2001,Inshore,,620,20-Jan,20-Jan
GOA,2001,Inshore,,620,15-Mar,15-Mar
GOA,2001,Inshore,,620,20-Aug,15-Sep
GOA,2001,Inshore,,620,1-Oct,1-Nov
GOA,2001,Inshore,,630,20-Jan,14-Feb
GOA,2001,Inshore,,630,15-Mar,17-Mar
GOA,2001,Inshore,,630,20-Aug,10-Sep
GOA,2001,Inshore,,630,1-Oct,1-Nov
GOA,2001,Inshore,,640,20-Jan,15-Mar
GOA,2001,Offshore,,Offshore,21-Mar,22-Mar
GOA,2001,,,Shelikof,20-Jan,1-Mar
GOA,2001,,,Shelikof,15-Mar,31-Mar
GOA,2002,Inshore,,610,20-Jan,23-Jan
GOA,2002,Inshore,,610,10-Mar,12-Mar
GOA,2002,Inshore,,610,25-Aug,30-Aug
GOA,2002,Inshore,,610,1-Oct,5-Oct
GOA,2002,Inshore,,620,20-Jan,25-Feb
GOA,2002,Inshore,,620,10-Mar,26-Mar
GOA,2002,Inshore,,620,25-Aug,15-Sep
GOA,2002,Inshore,,620,1-Oct,1-Nov
GOA,2002,Inshore,,630,20-Jan,21-Jan
GOA,2002,Inshore,,630,29-Jan,30-Jan
GOA,2002,Inshore,,630,10-Mar,11-Mar
GOA,2002,Inshore,,630,19-Mar,20-Mar
GOA,2002,Inshore,,630,25-Aug,4-Sep
GOA,2002,Inshore,,630,1-Oct,2-Oct
GOA,2002,Inshore,,640,20-Jan,2-Apr
GOA,2002,Offshore,,,Closed,
GOA,2003,Inshore,,610,20-Jan,23-Jan
GOA,2003,Inshore,,610,10-Mar,11-Mar
GOA,2003,Inshore,,610,18-Mar,19-Mar
GOA,2003,Inshore,,610,26-Mar,27-Mar
GOA,2003,Inshore,,610,25-Aug,30-Aug
GOA,2003,Inshore,,610,1-Oct,4-Oct
GOA,2003,Inshore,,620,20-Jan,25-Feb
GOA,2003,Inshore,,620,10-Mar,3-Apr
GOA,2003,Inshore,,620,25-Aug,30-Aug
GOA,2003,Inshore,,620,1-Oct,3-Oct
GOA,2003,Inshore,,630,20-Jan,21-Jan
GOA,2003,Inshore,,630,13-Feb,14-Feb
GOA,2003,Inshore,,630,10-Mar,10-Mar
GOA,2003,Inshore,,630,20-Mar,20-Mar
GOA,2003,Inshore,,630,25-Aug,27-Aug
GOA,2003,Inshore,,630,1-Oct,2-Oct
GOA,2003,Inshore,,630,9-Oct,10-Oct
GOA,2003,Inshore,,640,20-Jan,7-Apr
GOA,2003,Offshore              ,,,Closed,
GOA,2004,Inshore,,610,20-Jan,22-Jan
GOA,2004,Inshore,,610,10-Mar,13-Mar
GOA,2004,Inshore,,610,25-Aug,30-Aug
GOA,2004,Inshore,,610,1-Oct,6-Oct
GOA,2004,Inshore,,610,10-Oct,11-Oct
GOA,2004,Inshore,,620,20-Jan,25-Feb
GOA,2004,Inshore,,620,10-Mar,21-Mar
GOA,2004,Inshore,,620,25-Aug,29-Aug
GOA,2004,Inshore,,620,11-Sep,15-Sep
GOA,2004,Inshore,,620,1-Oct,1-Nov
GOA,2004,Inshore,,630,20-Jan,21-Jan
GOA,2004,Inshore,,630,4-Feb,4-Feb
GOA,2004,Inshore,,630,15-Feb,15-Feb
GOA,2004,Inshore,,630,24-Feb,24-Feb
GOA,2004,Inshore,,630,10-Mar,11-Mar
GOA,2004,Inshore,,630,25-Aug,29-Aug
GOA,2004,Inshore,,630,12-Sep,15-Sep
GOA,2004,Inshore,,630,1-Oct,2-Oct
GOA,2004,Inshore,,630,7-Oct,9-Oct
GOA,2004,Inshore,,640,20-Jan,1-Nov
GOA,2004,Offshore,,,Closed,
GOA,2005,Inshore,,610,20-Jan,23-Jan
GOA,2005,Inshore,,610,10-Mar,12-Mar
GOA,2005,Inshore,,610,25-Aug,3-Sep
GOA,2005,Inshore,,610,1-Oct,14-Oct
GOA,2005,Inshore,,620,20-Jan,2-Mar
GOA,2005,Inshore,,620,10-Mar,20-Mar
GOA,2005,Inshore,,620,25-Aug,29-Aug
GOA,2005,Inshore,,620,8-Sep,12-Sep
GOA,2005,Inshore,,620,15-Sep,19-Sep
GOA,2005,Inshore,,620,1-Oct,1-Nov
GOA,2005,Inshore,,630,20-Jan,29-Jan
GOA,2005,Inshore,,630,6-Feb,14-Feb
GOA,2005,Inshore,,630,10-Mar,10-Mar
GOA,2005,Inshore,,630,25-Aug,27-Aug
GOA,2005,Inshore,,630,8-Sep,10-Sep
GOA,2005,Inshore,,630,15-Sep,16-Sep
GOA,2005,Inshore,,630,1-Oct,8-Oct
GOA,2005,Inshore,,630,17-Oct,19-Oct
GOA,2005,Inshore,,630,27-Oct,28-Oct
GOA,2005,Inshore,,640,20-Jan,26-Mar
GOA,2005,Offshore,,,Closed,
GOA,2006,Inshore,,610,20-Jan,22-Jan
GOA,2006,Inshore,,610,26-Jan,27-Jan
GOA,2006,Inshore,,610,10-Mar,14-Mar
GOA,2006,Inshore,,610,25-Aug,28-Aug
GOA,2006,Inshore,,610,31-Aug,3-Sep
GOA,2006,Inshore,,610,6-Sep,27-Sep
GOA,2006,Inshore,,610,1-Oct,1-Nov
GOA,2006,Inshore,,620,20-Jan,10-Mar
GOA,2006,Inshore,,620,10-Mar,21-Mar
GOA,2006,Inshore,,620,25-Aug,28-Aug
GOA,2006,Inshore,,620,31-Aug,3-Sep
GOA,2006,Inshore,,620,6-Sep,1-Nov
GOA,2006,Inshore,,630,20-Jan,15-Feb
GOA,2006,Inshore,,630,10-Mar,10-Mar
GOA,2006,Inshore,,630,25-Aug,27-Sep
GOA,2006,Inshore,,630,1-Oct,1-Nov
GOA,2006,Inshore,,640,20-Jan,10-Apr
GOA,2006,Offshore  ,,,Closed,
GOA,2007,"Inshore
",,610,20-Jan,22-Jan
GOA,2007,"Inshore
",,610,5-Feb,7-Feb
GOA,2007,"Inshore
",,610,8-Feb,10-Feb
GOA,2007,"Inshore
",,610,10-Mar,13-Mar
GOA,2007,"Inshore
",,610,16-Mar,18-Mar
GOA,2007,"Inshore
",,610,21-Mar,23-Mar
GOA,2007,"Inshore
",,610,25-Aug,1-Nov
GOA,2007,"Inshore
",,620,20-Jan,10-Mar
GOA,2007,"Inshore
",,620,10-Mar,27-Mar
GOA,2007,"Inshore
",,620,25-Aug,10-Sep
GOA,2007,"Inshore
",,620,21-Sep,28-Sep
GOA,2007,"Inshore
",,620,1-Oct,1-Nov
GOA,2007,"Inshore
",,630,20-Jan,22-Jan
GOA,2007,"Inshore
",,630,6-Feb,8-Feb
GOA,2007,"Inshore
",,630,12-Feb,14-Feb
GOA,2007,"Inshore
",,630,20-Feb,22-Feb
GOA,2007,"Inshore
",,630,1-Mar,2-Mar
GOA,2007,"Inshore
",,630,10-Mar,11-Mar
GOA,2007,"Inshore
",,630,25-Aug,28-Aug
GOA,2007,"Inshore
",,630,15-Sep,18-Sep
GOA,2007,"Inshore
",,630,21-Sep,23-Sep
GOA,2007,"Inshore
",,630,25-Sep,1-Nov
GOA,2007,"Inshore
",,640,20-Jan,31-Dec
GOA,2007,Offshore  ,,,Closed,
GOA,2008,"Inshore
",,610,20-Jan,22-Jan
GOA,2008,"Inshore
",,610,3-Mar,4-Mar
GOA,2008,"Inshore
",,610,7-Mar,31-May
GOA,2008,"Inshore
",,610,25-Aug,4-Sep
GOA,2008,"Inshore
",,610,1-Oct,6-Oct
GOA,2008,"Inshore
",,610,12-Oct,14-Oct
GOA,2008,"Inshore
",,620,20-Jan,26-Mar
GOA,2008,"Inshore
",,620,25-Aug,6-Sep
GOA,2008,"Inshore
",,620,1-Oct,1-Nov
GOA,2008,"Inshore
",,630,20-Jan,22-Jan
GOA,2008,"Inshore
",,630,25-Jan,27-Jan
GOA,2008,"Inshore
",,630,23-Feb,25-Feb
GOA,2008,"Inshore
",,630,10-Mar,10-Mar
GOA,2008,"Inshore
",,630,25-Aug,26-Aug
GOA,2008,"Inshore
",,630,1-Sep,19-Sep
GOA,2008,"Inshore
",,630,1-Oct,10-Oct
GOA,2008,"Inshore
",,640,20-Jan,31-Dec
GOA,2008,Offshore ,,,Closed,
GOA,2009,"Inshore
",,610,20-Jan,22-Jan
GOA,2009,"Inshore
",,610,1-Mar,3-Mar
GOA,2009,"Inshore
",,610,10-Mar,12-Mar
GOA,2009,"Inshore
",,610,25-Aug,31-Aug
GOA,2009,"Inshore
",,610,1-Oct,6-Oct
GOA,2009,"Inshore
",,620,20-Jan,6-Mar
GOA,2009,"Inshore
",,620,10-Mar,14-Mar
GOA,2009,"Inshore
",,620,25-Sep,26-Sep
GOA,2009,"Inshore
",,620,29-Sep,4-Oct
GOA,2009,"Inshore
",,630,20-Jan,22-Jan
GOA,2009,"Inshore
",,630,11-Feb,11-Feb
GOA,2009,"Inshore
",,630,9-Mar,11-Mar
GOA,2009,"Inshore
",,630,25-Aug,26-Aug
GOA,2009,"Inshore
",,630,29-Sep,1-Oct
GOA,2009,"Inshore
",,640,20-Jan,21-Mar
GOA,2009,"Inshore
",,640,8-Apr,13-Apr
GOA,2009,Offshore ,,,Closed,
GOA,2010,"Inshore
",,610,20-Jan,27-Feb
GOA,2010,"Inshore
",,610,10-Mar,12-Apr
GOA,2010,"Inshore
",,610,25-Aug,10-Sep
GOA,2010,"Inshore
",,610,1-Oct,9-Oct
GOA,2010,"Inshore
",,610,14-Oct,17-Oct
GOA,2010,"Inshore
",,620,20-Jan,25-Feb
GOA,2010,"Inshore
",,620,10-Mar,16-Mar
GOA,2010,"Inshore
",,620,25-Aug,7-Sep
GOA,2010,"Inshore
",,620,1-Oct,6-Oct
GOA,2010,"Inshore
",,630,20-Jan,5-Feb
GOA,2010,"Inshore
",,630,28-Feb,2-Mar
GOA,2010,"Inshore
",,630,10-Mar,10-Mar
GOA,2010,"Inshore
",,630,22-Mar,25-Mar
GOA,2010,"Inshore
",,630,25-Aug,27-Aug
GOA,2010,"Inshore
",,630,18-Sep,19-Sep
GOA,2010,"Inshore
",,630,1-Oct,2-Oct
GOA,2010,"Inshore
",,630,15-Oct,18-Oct
GOA,2010,"Inshore
",,640,20-Jan,23-Mar
GOA,2010,"Inshore
",,640,26-Mar,1-Nov
GOA,2010,Offshore,,,Closed,
GOA,2011,"Inshore
",,610,20-Jan,23-Jan
GOA,2011,"Inshore
",,610,27-Feb,10-Mar
GOA,2011,"Inshore
",,610,10-Mar,28-Mar
GOA,2011,"Inshore
",,610,25-Aug,17-Sep
GOA,2011,"Inshore
",,610,1-Oct,1-Nov
GOA,2011,"Inshore
",,620,20-Jan,25-Feb
GOA,2011,"Inshore
",,620,10-Mar,22-Mar
GOA,2011,"Inshore
",,620,25-Aug,4-Sep
GOA,2011,"Inshore
",,620,1-Oct,1-Nov
GOA,2011,"Inshore
",,630,20-Jan,21-Jan
GOA,2011,"Inshore
",,630,28-Feb,1-Mar
GOA,2011,"Inshore
",,630,7-Mar,10-Mar
GOA,2011,"Inshore
",,630,10-Mar,12-Mar
GOA,2011,"Inshore
",,630,25-Aug,27-Aug
GOA,2011,"Inshore
",,630,4-Sep,9-Sep
GOA,2011,"Inshore
",,630,1-Oct,1-Nov
GOA,2011,"Inshore
",,640,20-Jan,5-Mar
GOA,2011,"Inshore
",,640,26-Mar,31-Mar
GOA,2011,Offshore              not open,,,Closed,
GOA,2012,"Inshore
",,610,20-Jan,10-Mar
GOA,2012,"Inshore
",,610,10-Mar,1-Apr
GOA,2012,"Inshore
",,610,25-Aug,10-Sep
GOA,2012,"Inshore
",,610,1-Oct,12-Oct
GOA,2012,"Inshore
",,610,19-Oct,23-Oct
GOA,2012,"Inshore
",,620,20-Jan,27-Feb
GOA,2012,"Inshore
",,620,10-Mar,17-Mar
GOA,2012,"Inshore
",,620,25-Aug,18-Sep
GOA,2012,"Inshore
",,620,1-Oct,1-Oct
GOA,2012,"Inshore
",,620,24-Oct,1-Nov
GOA,2012,"Inshore
",,630,20-Jan,23-Jan
GOA,2012,"Inshore
",,630,16-Feb,25-Feb
GOA,2012,"Inshore
",,630,10-Mar,10-Mar
GOA,2012,"Inshore
",,630,21-Mar,24-Mar
GOA,2012,"Inshore
",,630,25-Aug,1-Oct
GOA,2012,"Inshore
",,630,1-Oct,20-Oct
GOA,2012,"Inshore
",,640,20-Jan,17-Mar
GOA,2012,"Inshore
",,640,21-Mar,1-Nov
GOA,2012,Offshore,,,Closed,
GOA,2013,"Inshore
",,610,20-Jan,10-Mar
GOA,2013,"Inshore
",,610,10-Mar,30-Mar
GOA,2013,"Inshore
",,610,25-Aug,30-Sep
GOA,2013,"Inshore
",,610,1-Oct,12-Oct
GOA,2013,"Inshore
",,610,19-Oct,1-Nov
GOA,2013,"Inshore
",,620,20-Jan,4-Feb
GOA,2013,"Inshore
",,620,10-Mar,17-Mar
GOA,2013,"Inshore
",,620,25-Aug,13-Sep
GOA,2013,"Inshore
",,620,1-Oct,6-Oct
GOA,2013,"Inshore
",,620,22-Oct,1-Nov
GOA,2013,"Inshore
",,630,20-Jan,22-Jan
GOA,2013,"Inshore
",,630,8-Feb,14-Feb
GOA,2013,"Inshore
",,630,10-Mar,10-Mar
GOA,2013,"Inshore
",,630,22-Mar,26-Mar
GOA,2013,"Inshore
",,630,25-Aug,16-Sep
GOA,2013,"Inshore
",,630,1-Oct,8-Oct
GOA,2013,"Inshore
",,630,22-Oct,1-Nov
GOA,2013,"Inshore
",,640,20-Jan,3-Mar
GOA,2013,"Inshore
",,640,22-Mar,1-Nov
GOA,2013,Offshore,,,Closed,
GOA,2014,"Inshore
",,610,20-Jan,9-Mar
GOA,2014,"Inshore
",,610,10-Mar,1-Jun
GOA,2014,"Inshore
",,610,25-Aug,30-Sep
GOA,2014,"Inshore
",,610,1-Oct,1-Nov
GOA,2014,"Inshore
",,620,20-Jan,9-Mar
GOA,2014,"Inshore
",,620,10-Mar,10-Apr
GOA,2014,"Inshore
",,620,25-Aug,16-Sep
GOA,2014,"Inshore
",,620,1-Oct,1-Nov
GOA,2014,"Inshore
",,630,20-Jan,9-Mar
GOA,2014,"Inshore
",,630,10-Mar,31-Mar
GOA,2014,"Inshore
",,630,25-Aug,23-Sep
GOA,2014,"Inshore
",,630,1-Oct,1-Nov
GOA,2014,"Inshore
",,640,20-Jan,1-Nov
GOA,2014,Offshore,,,Closed,
GOA,2015,"Inshore
",,610,20-Jan,9-Mar
GOA,2015,"Inshore
",,610,10-Mar,14-Apr
GOA,2015,"Inshore
",,610,25-Aug,30-Sep
GOA,2015,"Inshore
",,610,1-Oct,1-Nov
GOA,2015,"Inshore
",,620,20-Jan,9-Mar
GOA,2015,"Inshore
",,620,10-Mar,25-May
GOA,2015,"Inshore
",,620,25-Aug,30-Sep
GOA,2015,"Inshore
",,620,1-Oct,28-Oct
GOA,2015,"Inshore
",,630,20-Jan,9-Mar
GOA,2015,"Inshore
",,630,10-Mar,16-Apr
GOA,2015,"Inshore
",,630,25-Aug,28-Sep
GOA,2015,"Inshore
",,630,1-Oct,1-Nov
GOA,2015,"Inshore
",,640,20-Jan,1-Nov
GOA,2015,Offshore,,,Closed,
GOA,2016,"Inshore
",,610,20-Jan,28-Jan
GOA,2016,"Inshore
",,610,12-Mar,28-Mar
GOA,2016,"Inshore
",,610,25-Aug,29-Sep
GOA,2016,"Inshore
",,610,1-Oct,1-Nov
GOA,2016,"Inshore
",,620,20-Jan,10-Mar
GOA,2016,"Inshore
",,620,10-Mar,24-May
GOA,2016,"Inshore
",,620,27-Aug,29-Sep
GOA,2016,"Inshore
",,620,2-Oct,31-Oct
GOA,2016,"Inshore
",,630,20-Jan,27-Jan
GOA,2016,"Inshore
",,630,29-Jan,13-Mar
GOA,2016,"Inshore
",,630,25-Aug,30-Sep
GOA,2016,"Inshore
",,630,1-Oct,1-Nov
GOA,2016,"Inshore
",,640,20-Jan,1-Nov
GOA,2016,Offshore,,,Closed,
GOA,2017,"Inshore
",,610,20-Jan,11-Feb
GOA,2017,"Inshore
",,610,23-Mar,13-Apr
GOA,2017,"Inshore
",,610,25-Aug,27-Sep
GOA,2017,"Inshore
",,610,1-Oct,31-Oct
GOA,2017,"Inshore
",,620,20-Jan,10-Mar
GOA,2017,"Inshore
",,620,10-Mar,30-May
GOA,2017,"Inshore
",,620,4-Sep,30-Sep
GOA,2017,"Inshore
",,620,2-Oct,31-Oct
GOA,2017,"Inshore
",,630,20-Jan,29-Jan
GOA,2017,"Inshore
",,630,11-Mar,11-May
GOA,2017,"Inshore
",,630,6-Sep,30-Sep
GOA,2017,"Inshore
",,630,1-Oct,31-Oct
GOA,2017,"Inshore
",,640,20-Jan,1-Nov
GOA,2017,Offshore,,,Closed,
GOA,2018,"Inshore
",,610,20-Jan,25-Feb
GOA,2018,"Inshore
",,610,10-Mar,12-Mar
GOA,2018,"Inshore
",,610,25-Aug,3-Sep
GOA,2018,"Inshore
",,610,1-Oct,13-Oct
GOA,2018,"Inshore
",,620,20-Jan,23-Feb
GOA,2018,"Inshore
",,620,10-Mar,23-Mar
GOA,2018,"Inshore
",,620,25-Aug,1-Sep
GOA,2018,"Inshore
",,620,1-Oct,7-Oct
GOA,2018,"Inshore
",,630,21-Jan,14-Feb
GOA,2018,"Inshore
",,630,10-Mar,10-Mar
GOA,2018,"Inshore
",,630,25-Aug,30-Sep
GOA,2018,"Inshore
",,630,1-Oct,31-Oct
GOA,2018,"Inshore
",,640,20-Jan,1-Nov
GOA,2018,Offshore,,,Closed,
,,,,,,
AI,1991,Offshore,A,,1-Jan,22-Feb
AI,1991,Offshore,B,,1-Jun,4-Sep
AI,1991,Offshore,B,,1-Jan,23-Mar
BS,1992,"Inshore
",A,,20-Jan,6-Mar
BS,1992,"Inshore
",B,,1-Jun,22-Sep
AI,1992,"Inshore
",A,,20-Jan,15-Apr
AI,1992,"Inshore
",B,,1-Jun,12-Jun
BS,1992,Offshore,A,,20-Jan,6-Mar
BS,1992,Offshore,B,,1-Jun,28-Jul
AI,1992,Offshore,A,,20-Jan,15-Apr
AI,1992,Offshore,B,,1-Jun,8-Jul
BS,1993,"Inshore
",A,,20-Jan,24-Mar
BS,1993,"Inshore
",B,,15-Aug,3-Oct
AI,1993,"Inshore
",A,,20-Jan,9-Apr
AI,1993,"Inshore
",B,,4-Oct,8-Oct
BS,1993,Offshore,A,,20-Jan,22-Feb
BS,1993,Offshore,B,,15-Aug,22-Sep
BS,1993,Offshore,B,,15-Dec,29-Dec
AI,1993,Offshore,A,,20-Jan,31-Mar
BS,1994,"Inshore
",A,,20-Jan,2-Mar
BS,1994,"Inshore
",B,,15-Aug,4-Oct
AI,1994,"Inshore
",A,,20-Jan,18-Mar
AI,1994,"Inshore
",B,,25-Aug,8-Oct
AI,1994,"Inshore
",B,,13-Oct,15-Oct
BS,1994,Offshore,A,,20-Jan,18-Feb
BS,1994,Offshore,B,,15-Aug,24-Sep
BS,1994,Offshore,B,,5-Dec,20-Dec
AI,1994,Offshore,A,,20-Jan,1-Mar
AI,1994,Offshore,B,,25-Aug,28-Sep
BS,1995,"Inshore
",A,,20-Jan,1-Mar
BS,1995,"Inshore
",B,,15-Aug,23-Sep
AI,1995,"Inshore
",A,,20-Jan,30-Mar
BS,1995,Offshore,A,,26-Jan,21-Feb
BS,1995,Offshore,B,,15-Aug,20-Sep
BS,1995,Offshore,B,,20-Oct,23-Oct
AI,1995,Offshore,A,,26-Jan,11-Mar
BS,1996,"Inshore
",A,,20-Jan,2-Mar
BS,1996,"Inshore
",B,,1-Sep,17-Oct
AI,1996,"Inshore
",A,,20-Jan,10-Mar
AI,1996,"Inshore
",A,,15-Mar,16-Mar
BS,1996,Offshore,A,,26-Jan,26-Feb
BS,1996,Offshore,B,,1-Sep,17-Oct
AI,1996,Offshore,A,,26-Jan,2-Mar
BS,1997,"Inshore
",A,,20-Jan,19-Feb
BS,1997,"Inshore
",B,,1-Sep,16-Oct
AI,1997,"Inshore
",A,,20-Jan,4-Mar
BS,1997,Offshore,A,,26-Jan,20-Feb
BS,1997,Offshore,B,,1-Sep,2-Oct
AI,1997,Offshore,A,,26-Jan,23-Feb
AI,1997,Offshore,A,,26-Feb,27-Feb
AI,1997,Offshore,A,,12-Mar,14-Mar
AI,1997,Offshore,A,,20-Mar,22-Mar
BS,1998,"Inshore
",A,,20-Jan,26-Feb
BS,1998,"Inshore
",B,,1-Sep,29-Oct
AI,1998,"Inshore
",A,,20-Jan,13-Mar
BS,1998,Offshore,A,,26-Jan,20-Feb
BS,1998,Offshore,B,,1-Sep,19-Oct
AI,1998,Offshore,A,,26-Jan,23-Feb
BS,1999,Catcher Processor,A,,20-Jan,15-Feb
BS,1999,Catcher Processor,A,,20-Feb,13-Apr
BS,1999,Catcher Processor,B,,1-Aug,15-Sep
BS,1999,Catcher Processor,C,,15-Sep,31-Oct
BS,1999,"Inshore
",A,,20-Jan,15-Feb
BS,1999,"Inshore
",A,,20-Feb,28-Feb
BS,1999,"Inshore
",B,,1-Aug,26-Aug
BS,1999,"Inshore
",C,,15-Sep,6-Oct
BS,1999,"Inshore
",C,,24-Oct,26-Oct
BS,1999,Mothership,A,,1-Feb,17-Feb
BS,1999,Mothership,B,,1-Aug,15-Sep
BS,1999,Mothership,C,,15-Sep,27-Sep
BS,2000,Catcher Processor,A/B,,20-Jan,30-Apr
BS,2000,Catcher Processor,C/D,,21-Jun,29-Oct
BS,2000,"Inshore
",A/B,,20-Jan,4-Apr
BS,2000,"Inshore
",C/D,,10-Jun,1-Nov
BS,2000,Mothership,A/B,,26-Jan,16-Mar
BS,2000,Mothership,C/D,,26-Jul,28-Oct
BS,2001,Catcher Processor,A,,20-Jan,26-Apr
BS,2001,Catcher Processor,B,,10-Jun,1-Nov
BS,2001,"Inshore
",A,,20-Jan,9-Apr
BS,2001,"Inshore
",B,,10-Jun,27-Oct
BS,2001,Mothership,A,,22-Jan,31-Mar
BS,2001,Mothership,B,,4-Jul,12-Oct
BS,2002,Catcher Processor,A,20-Jan,9-Apr,
BS,2002,Catcher Processor,B,10-Jun,11-Oct,
BS,2002,"Inshore
",A,20-Jan,21-Apr,
BS,2002,"Inshore
",B,10-Jun,25-Oct,
BS,2002,Mothership,A,20-Jan,19-Mar,
BS,2002,Mothership,B,26-Jun,23-Oct,
BS,2003,Catcher Processor,A,20-Jan,2-Apr,
BS,2003,Catcher Processor,B,10-Jun,13-Oct,
BS,2003,"Inshore
",A,20-Jan,2-Apr,
BS,2003,"Inshore
",B,10-Jun,21-Oct,
BS,2003,Mothership,A,20-Jan,28-Mar,
BS,2003,Mothership,B,22-Jun,22-Oct,
BS,2004,Catcher Processor,A,20-Jan,27-Mar,
BS,2004,Catcher Processor,B,10-Jun,5-Oct,
BS,2004,"Inshore
",A,20-Jan,29-Mar,
BS,2004,"Inshore
",B,3-Jun,1-Nov,
BS,2004,Mothership,A,20-Jan,21-Mar,
BS,2004,Mothership,B,21-Jun,1-Nov,
BS,2005,Catcher Processor,A,20-Jan,26-Mar,
BS,2005,Catcher Processor,B,10-Jun,6-Oct,
BS,2005,"Inshore
",A,20-Jan,25-Mar,
BS,2005,"Inshore
",B,10-Jun,1-Nov,
BS,2005,Mothership,A,20-Jan,12-Mar,
BS,2005,Mothership,B,16-Jun,22-Oct,
AI,2005,Corporate_Session,A,24-Feb,10-Jun,
AI,2005,Corporate_Session,B,10-Jun,1-Nov,
BS,2006,Catcher Processor,A,20-Jan,27-Mar,
BS,2006,Catcher Processor,B,10-Jun,23-Oct,
BS,2006,"Inshore
",A,20-Jan,4-Apr,
BS,2006,"Inshore
",B,10-Jun,1-Nov,
BS,2006,Mothership,A,20-Jan,20-Mar,
BS,2006,Mothership,B,20-Jun,1-Nov,
AI,2006,Corporate_Session,A,20-Jan,10-Jun,
AI,2006,Corporate_Session,B,10-Jun,1-Nov,
BS,2007,Catcher Processor,A,20-Jan,26-Mar,
BS,2007,Catcher Processor,B,10-Jun,1-Nov,
BS,2007,"Inshore
",A,20-Jan,27-Mar,
BS,2007,"Inshore
",B,10-Jun,1-Nov,
BS,2007,Mothership,A,20-Jan,22-Mar,
BS,2007,Mothership,B,24-Jun,1-Nov,
AI,2007,Corporate_Session,A,20-Jan,9-Jun,
AI,2007,Corporate_Session,B,10-Jun,1-Nov,
BS,2008,Catcher Processor,A,20-Jan,22-Mar,
BS,2008,Catcher Processor,B,10-Jun,1-Nov,
BS,2008,"Inshore
",A,20-Jan,29-Mar,
BS,2008,"Inshore
",B,10-Jun,1-Nov,
BS,2008,Mothership,A,20-Jan,7-Mar,
BS,2008,Mothership,B,10-Jun,1-Nov,
AI,2008,Corporate_Session,A,20-Jan,9-Jun,
AI,2008,Corporate_Session,B,10-Jun,1-Nov,
BS,2009,Catcher Processor,A,20-Jan,29-Mar,
BS,2009,Catcher Processor,B,10-Jun,1-Nov,
BS,2009,"Inshore
",A,20-Jan,11-Mar,
BS,2009,"Inshore
",B,10-Jun,1-Nov,
BS,2009,Mothership,A,20-Jan,28-Mar,
BS,2009,Mothership,B,10-Jun,1-Nov,
AI,2009,Corporate_Session,A,20-Jan,9-Jun,
AI,2009,Corporate_Session,B,10-Jun,1-Nov,
BS,2010,Catcher Processor,A,20-Jan,10-Apr,
BS,2010,Catcher Processor,B,10-Jun,4-Oct,
BS,2010,"Inshore
",A,20-Jan,18-Apr,
BS,2010,"Inshore
",B,10-Jun,26-Oct,
BS,2010,Mothership,A,20-Jan,26-Mar,
BS,2010,Mothership,B,10-Jun,8-Sep,
AI,2010,Corporate_Session,A,20-Jan,9-Jun,
AI,2010,Corporate_Session,B,10-Jun,1-Nov,
BS,2011,Catcher Processor,A,20-Jan,22-Apr,
BS,2011,Catcher Processor,B,10-Jun,1-Nov,
BS,2011,"Inshore
",A,20-Jan,9-Jun,
BS,2011,"Inshore
",B,10-Jun,1-Nov,
BS,2011,Mothership,A,20-Jan,3-Apr,
BS,2011,Mothership,B,10-Jun,1-Nov,
AI,2011,Corporate_Session,A,20-Jan,9-Jun,
AI,2011,Corporate_Session,B,10-Jun,1-Nov,
BS,2012,Catcher Processor,A,20-Jan,31-Mar,
BS,2012,Catcher Processor,B,10-Jun,13-Oct,
BS,2012,"Inshore
",A,20-Jan,9-Jun,
BS,2012,"Inshore
",B,10-Jun,1-Nov,
BS,2012,Mothership,A,20-Jan,31-Mar,
BS,2012,Mothership,B,10-Jun,22-Sep,
AI,2012,Corporate_Session,A,20-Jan,9-Jun,
AI,2012,Corporate_Session,B,10-Jun,1-Nov,
BS,2013,Catcher Processor,A,20-Jan,4-Apr,
BS,2013,Catcher Processor,B,10-Jun,17-Oct,
BS,2013,"Inshore
",A,20-Jan,21-Apr,
BS,2013,"Inshore
",B,10-Jun,26-Oct,
BS,2013,Mothership,A,20-Jan,6-Apr,
BS,2013,Mothership,B,10-Jun,18-Sep,
AI,2013,Corporate_Session,A,20-Jan,9-Jun,
AI,2013,Corporate_Session,B,10-Jun,1-Nov,
BS,2014,Catcher Processor,A,20-Jan,31-Mar,
BS,2014,Catcher Processor,B,10-Jun,3-Oct,
BS,2014,"Inshore
",A,20-Jan,20-Apr,
BS,2014,"Inshore
",B,10-Jun,23-Sep,
BS,2014,Mothership,A,20-Jan,28-Mar,
BS,2014,Mothership,B,10-Jun,28-Sep,
AI,2014,Corporate_Session,A,20-Jan,9-Jun,
AI,2014,Corporate_Session,B,10-Jun,1-Nov,
BS,2015,Catcher Processor,A,20-Jan,29-Mar,
BS,2015,Catcher Processor,B,10-Jun,6-Oct,
BS,2015,"Inshore
",A,20-Jan,29-Apr,
BS,2015,"Inshore
",B,10-Jun,13-Oct,
BS,2015,Mothership,A,20-Jan,31-Mar,
BS,2015,Mothership,B,10-Jun,2-Oct,
AI,2015,Corporate_Session,A,20-Jan,9-Jun,
AI,2015,Corporate_Session,B,10-Jun,1-Nov,
BS,2016,Catcher Processor,A,20-Jan,10-Apr,
BS,2016,Catcher Processor,B,10-Jun,15-Oct,
BS,2016,"Inshore
",A,20-Jan,9-Jun,
BS,2016,"Inshore
",B,10-Jun,3-Oct,
BS,2016,Mothership,A,20-Jan,2-Apr,
BS,2016,Mothership,B,10-Jun,3-Oct,
AI,2016,Corporate_Session,A,20-Jan,9-Jun,
AI,2016,Corporate_Session,B,10-Jun,1-Nov,
BS,2017,Catcher Processor,A,20-Jan,8-Apr,
BS,2017,Catcher Processor,B,10-Jun,16-Sep,
BS,2017,"Inshore
",A,20-Jan,9-Jun,
BS,2017,"Inshore
",B,10-Jun,19-Oct,
BS,2017,Mothership,A,20-Jan,9-Jun,
BS,2017,Mothership,B,10-Jun,10-Sep,
AI,2017,Corporate_Session,A,20-Jan,9-Jun,
AI,2017,Corporate_Session,B,10-Jun,1-Nov,
BS,2018,Catcher Processor,A,20-Jan,10-Apr,
BS,2018,Catcher Processor,B,10-Jun,3-Oct,
BS,2018,"Inshore
",A,20-Jan,9-Jun,
BS,2018,"Inshore
",B,10-Jun,29-Sep,
BS,2018,Mothership,A,20-Jan,31-Mar,
BS,2018,Mothership,B,10-Jun,15-Sep,
AI,2018,Corporate_Session,A,20-Jan,9-Jun,
AI,2018,Corporate_Session,B,10-Jun,1-Nov,